id,area_sqm,log_area,compactness,perimeter,is_forest,is_agricultural,is_unverified,risk_score,microsoft_confirmed,synthetic_label
0,500.00457429085543,6.216615231364252,0.473076938467923,115.24604545351752,1,0,0,10.0,0,1
1,500.00457429481025,6.216615231372146,0.4647480033575265,116.27414493268262,1,0,0,10.0,0,1
2,1500.0137228607018,7.313895974070485,0.5127650795589621,191.73143713766518,1,0,0,16.7,0,1
3,2400.0219565692128,7.783649740939628,0.3607462187185863,289.1423095408581,1,0,0,42.0,0,1
4,2400.0219565336183,7.783649740924804,0.6605153042662665,213.68355339709817,1,0,0,42.0,0,1
5,600.0054891601003,6.39860406787137,0.4066774073942015,136.1625012644913,0,0,1,10.7,0,0
6,600.0054890968219,6.398604067766081,0.5480286348606493,117.29538312317719,0,0,1,10.7,0,0
7,600.0054891561454,6.398604067864789,0.5479692381554883,117.30174002824955,1,0,0,10.7,0,1
8,500.0045743027202,6.216615231387935,0.46475973595578246,116.27267728662882,0,0,1,10.0,0,0
9,41500.37966614885,10.63348195063363,0.04780179472899224,3303.0022204499282,1,0,0,85.8,0,1
10,2300.021041767201,7.741108234612068,0.5344924055668533,232.54128456116686,0,0,1,41.5,0,0
11,700.0064039858411,6.552517022493348,0.6623940004034001,115.23853896217233,0,0,1,11.3,0,0
12,1700.015552611056,7.438980735570439,0.3915630298542958,233.5772489785758,1,0,0,18.0,0,1
13,8500.077763035508,9.047948230091755,0.25992570170149276,641.0497998295905,1,0,0,72.5,0,1
14,1400.0128079558629,7.2449506883051145,0.27608881297211174,252.4332342612919,0,0,1,16.0,0,0
15,500.0045743027201,6.216615231387934,0.464747276741138,116.27423582888075,1,0,0,10.0,0,1
16,500.00457424339663,6.216615231269525,0.46474752791902046,116.27420440113781,1,0,0,10.0,0,1
17,500.00457429876525,6.2166152313800405,0.4566260666835261,117.30366219139181,1,0,0,10.0,0,1
18,6300.057636101952,8.748472777035905,0.10863259575416143,853.6839468829036,0,0,1,61.5,0,0
19,8000.073188649731,8.987330960246073,0.19470507850568486,718.5603882697595,0,0,1,70.0,0,0
20,600.0054891601003,6.39860406787137,0.5576834770672391,116.27561762351185,1,0,0,10.7,0,1
21,600.0054891561454,6.398604067864789,0.8117710236378637,96.37530628752381,0,0,1,10.7,0,0
22,1300.0118931854906,7.170897620042966,0.4350016212842836,193.79080061743048,1,0,0,15.3,0,1
23,600.0054891521904,6.398604067858209,0.567699000980538,115.2453679391902,0,0,1,10.7,0,0
24,900.0082337243308,6.803514395995363,0.3830405449258563,171.832694392525,0,0,1,12.7,0,0
25,2600.023786355161,7.863660410487635,0.3853293511602107,291.19073121085273,0,0,1,43.0,0,0
26,700.0064040016607,6.552517022515915,0.4817129014753154,135.13311862916026,0,0,1,11.3,0,0
27,1200.0109783122907,7.090918963014301,0.49280671790859004,174.9279601731752,1,0,0,14.7,0,1
28,1100.0100634549106,7.00398327696693,0.30566718901219087,212.6565919791496,1,0,0,14.0,0,1
29,2100.019212016847,7.65017784502825,0.22208623462805185,344.71147877645024,1,0,0,40.5,0,1
30,800.0073188827703,6.6858700842086005,0.4182605849480204,155.03453173047114,1,0,0,12.0,0,1
31,2300.0210417909307,7.741108234622381,0.45357107030368676,252.4341826642193,0,0,1,41.5,0,0
32,3400.0311051944277,8.131833930862,0.2328134227555526,428.3930034012243,0,0,1,47.0,0,0
33,1800.0164674526168,7.496106488639216,0.17114305869432908,363.5494788309778,0,0,1,18.7,0,0
34,1100.0100634114067,7.003983276927418,0.3027357531033054,213.68370445382058,1,0,0,14.0,0,1
35,600.0054891561454,6.398604067864789,0.4006098400805945,137.18977300264086,0,0,1,10.7,0,0
36,600.0054891561454,6.398604067864789,0.5576885477143737,116.27508901807666,1,0,0,10.7,0,1
37,4000.036594330799,8.294308755111533,0.41310158901147254,348.8257056891084,1,0,0,50.0,0,1
38,700.006404029345,6.552517022555407,0.3759458377221562,152.96543220757798,0,0,1,11.3,0,0
39,1800.0164674644811,7.496106488645804,0.4258268938811968,230.47648814979613,0,0,1,18.7,0,0
40,800.0073188669506,6.685870084188851,0.4238896359601166,154.0016992862513,0,0,1,12.0,0,0
41,500.0045743027202,6.216615231387935,0.46479653669526805,116.26807419165218,0,0,1,10.0,0,0
42,700.0064040174803,6.552517022538482,0.35184202626354927,158.1182802056506,1,0,0,11.3,0,1
43,4400.040253693086,8.389596213257125,0.33305369294575404,407.4516961751158,0,0,1,52.0,0,0
44,500.00457428690055,6.216615231356358,0.46478138723293644,116.26996904243155,0,0,1,10.0,0,0
45,1700.015552563597,7.438980735542539,0.3916064613198696,233.56429606909532,0,0,1,18.0,0,0
46,700.006404029345,6.552517022555407,0.6623943683584353,115.2385069586827,0,0,1,11.3,0,0
47,3700.0338498061165,8.216367478468653,0.2521425449465771,429.422419582807,0,0,1,48.5,0,0
48,900.0082336966465,6.803514395964637,0.6099965565129967,136.16468371528683,0,0,1,12.7,0,0
49,1200.010978304381,7.090918963007715,0.33344635149341284,212.65938652978937,1,0,0,14.7,0,1
50,600.0054891601002,6.398604067871369,0.5576903458920612,116.2749015636825,1,0,0,10.7,0,1
51,27700.253415830433,10.229232940820664,0.09619815441511576,1902.2317802835958,1,0,0,78.9,0,1
52,700.0064040135255,6.55251702253284,0.3708856975300789,154.00538104575904,1,0,0,11.3,0,1
53,9300.085081807536,9.13788634779847,0.39691568908872854,542.6243266877055,1,0,0,76.5,0,1
54,500.00457429481037,6.216615231372146,0.6764721486557793,96.37557016357837,0,0,1,10.0,0,0
55,1300.0118931815357,7.170897620039926,0.43969507911823963,192.75373055835232,0,0,1,15.3,0,0
56,7300.066784735078,8.895775751355036,0.1751499527787095,723.7079382571434,0,0,1,66.5,0,0
57,3700.033849810072,8.21636747846972,0.5483167081324927,291.20044931286765,0,0,1,48.5,0,0
58,17800.16284475604,9.787019062503454,0.4079614347876877,740.4698237582921,0,0,1,73.9,0,1
59,1100.0100634232715,7.003983276938194,0.5828358050290325,154.00334335946297,0,0,1,14.0,0,0
60,600.0054891126415,6.398604067792403,0.7946444551154869,97.40833390055853,0,0,1,10.7,0,0
61,500.00457426317115,6.216615231308995,0.4730694053774767,115.24696302755568,0,0,1,10.0,0,0
62,14100.128995044834,9.554010143731338,0.2327358611147464,872.5389472998719,0,0,1,72.1,0,0
63,500.0045743027202,6.216615231387935,0.45663914951087353,117.30198178999619,0,0,1,10.0,0,0
64,500.00457429876525,6.2166152313800405,0.6622559177712594,97.40449451289052,0,0,1,10.0,0,0
65,500.00457429481025,6.216615231372146,0.6763810582743266,96.38205954688625,0,0,1,10.0,0,0
66,2400.0219566364462,7.783649740967631,0.27877149001742163,328.918545618165,0,0,1,42.0,0,0
67,600.0054891601003,6.39860406787137,0.4006112332512585,137.18953445644544,0,0,1,10.7,0,0
68,1600.0146377536757,7.378392855836665,0.3155186251284185,252.43781329530788,0,0,1,17.3,0,0
69,900.0082337322406,6.803514396004141,0.3043648057298144,192.7662314025265,1,0,0,12.7,0,1
70,800.0073188867251,6.685870084213538,0.5505372045894333,135.13211540496113,0,0,1,12.0,0,0
71,500.0045743027202,6.216615231387935,0.4647301793868249,116.27637466514703,1,0,0,10.0,0,1
72,1800.016467488211,7.49610648865898,0.266767869700141,291.18996940644536,0,0,1,18.7,0,0
73,800.0073188076273,6.68587008411479,0.33243697079788853,173.89906778979562,0,0,1,12.0,0,0
74,1100.0100634588655,7.003983276970522,0.5751020929804334,155.03536894405318,1,0,0,14.0,0,1
75,2100.0192119733424,7.650177845007544,0.17566701112045022,387.58901507510956,1,0,0,40.5,0,1
76,1000.0091485975305,6.908763918731529,0.33460324128148394,193.79467823169543,1,0,0,13.3,0,1
77,700.006404029345,6.552517022555407,0.6622701563308804,115.2493132266099,1,0,0,11.3,0,1
78,700.0064040174803,6.552517022538482,0.37087077123203205,154.00848011366995,1,0,0,11.3,0,1
79,600.0054891403256,6.398604067838466,0.4128380997419872,135.142720912497,1,0,0,10.7,0,1
80,800.0073188432212,6.685870084159227,0.7568765469524061,115.24958972254319,1,0,0,12.0,0,1
81,500.0045742987652,6.2166152313800405,0.6622091846926094,97.40793144165897,0,0,1,10.0,0,0
82,516904.72890318,13.155615794317102,0.02889189638033637,14994.160675200566,1,0,0,99.0,0,1
83,600.0054891640551,6.398604067877949,0.5479971635181226,117.29875120391691,0,0,1,10.7,0,0
84,2200.0201269098216,7.696676225923462,0.2875555572355754,310.0683059129416,0,0,1,41.0,0,0
85,1100.0100634034968,7.003983276920233,0.5751688731309357,155.02636846542998,0,0,1,14.0,0,0
86,700.0064040174805,6.552517022538482,0.47443437529088994,136.16574432203385,0,0,1,11.3,0,0
87,700.0064039858411,6.552517022493348,0.6507118010954591,116.26837349908425,0,0,1,11.3,0,0
88,600.0054891561454,6.398604067864789,0.5577064694027463,116.27322077486417,0,0,1,10.7,0,0
89,1300.0118931815352,7.170897620039926,0.25224394249715215,254.48853515034904,0,0,1,15.3,0,0
90,1000.0091486014854,6.908763918735479,0.5228875692021946,155.02536406975085,0,0,1,13.3,0,0
91,2600.023786335387,7.863660410480033,0.15104453955352773,465.09436506795214,0,0,1,43.0,0,0
92,600.0054890968219,6.398604067766081,0.5479948942788041,117.29899406335107,0,0,1,10.7,0,0
93,600.0054891126415,6.398604067792403,0.5576990586756481,116.27399328965545,0,0,1,10.7,0,0
94,600.0054891601002,6.398604067871369,0.5479824960683454,117.30032101829816,0,0,1,10.7,0,0
95,700.0064040214353,6.552517022544124,0.6506574276035846,116.2732315003688,0,0,1,11.3,0,0
96,500.0045743027202,6.216615231387935,0.45665129219177836,117.30042220828959,0,0,1,10.0,0,0
97,900.0082337085112,6.803514395977805,0.4768524142375897,154.0054820411695,0,0,1,12.7,0,0
98,700.0064040174803,6.552517022538482,0.4673842011992791,137.18888443006838,0,0,1,11.3,0,0
99,900.0082337361956,6.803514396008531,0.29799451869669513,194.8157368437431,0,0,1,12.7,0,0
100,2000.0182972029706,7.601411478571397,0.33888039614315746,272.3320111962433,0,0,1,40.0,0,0
101,2600.023786367026,7.863660410492197,0.5169382858193436,251.40519254650138,0,0,1,43.0,0,0
102,1000.0091485658911,6.908763918699921,0.3311148495101507,194.81284538690423,0,0,1,13.3,0,0
103,600.0054890968217,6.398604067766081,0.5479825730118161,117.30031277691094,0,0,1,10.7,0,0
104,1700.0155525873265,7.4389807355564885,0.34077444466934814,250.37898233593182,0,0,1,18.0,0,0
105,600.0054891165963,6.398604067798984,0.4128704430004814,135.1374274314031,0,0,1,10.7,0,0
106,1400.012808031006,7.244950688358749,0.24268100435368323,269.2483463220961,0,0,1,16.0,0,0
107,700.0064040135254,6.55251702253284,0.6506662473539665,116.27244345794908,0,0,1,11.3,0,0
108,500.0045742987652,6.2166152313800405,0.6763363990521969,96.38524160042903,1,0,0,10.0,0,1
109,800.0073188709056,6.685870084193788,0.4238385482873798,154.01098035766577,1,0,0,12.0,0,1
110,500.0045742987652,6.2166152313800405,0.676390220428855,96.381406765569,0,0,1,10.0,0,0
111,500.00457429876525,6.2166152313800405,0.4566607921380167,117.299202097057,0,0,1,10.0,0,0
112,700.0064039383824,6.552517022425647,0.46735726919242565,137.19283719997998,0,0,1,11.3,0,0
113,1000.0091485975304,6.908763918731529,0.4059225939096511,175.9483935771758,0,0,1,13.3,0,0
114,500.00457429876525,6.2166152313800405,0.45666224188766835,117.29901590407152,0,0,1,10.0,0,0
115,600.0054891601002,6.398604067871369,0.5479911491497595,117.29939489637431,0,0,1,10.7,0,0
116,500.00457425526133,6.216615231293207,0.46476240042023353,116.27234398730403,0,0,1,10.0,0,0
117,600.0054891442807,6.3986040678450475,0.42570930748213276,133.08403843090696,0,0,1,10.7,0,0
118,5200.047572670774,8.556615340562768,0.1933407830080696,581.3622846104965,0,0,1,56.0,0,0
119,800.0073188788153,6.685870084203663,0.41278778995532106,156.0588818080053,0,0,1,12.0,0,0
120,4600.042083506717,8.434038096713664,0.14982157009455324,621.1531077200239,0,0,1,53.0,0,0
121,800.0073188827703,6.6858700842086005,0.32097847005912644,176.97583120456994,0,0,1,12.0,0,0
122,500.00457429876525,6.2166152313800405,0.46475032720116505,116.27385423590788,0,0,1,10.0,0,0
123,500.00457427503585,6.216615231332677,0.4730681642083115,115.2471142131433,0,0,1,10.0,0,0
124,700.0064039937508,6.552517022504632,0.6506519680375256,116.27371931651,0,0,1,11.3,0,0
125,600.0054891482356,6.398604067851628,0.4128783461811173,135.1361340508246,0,0,1,10.7,0,0
126,1200.0109783281102,7.090918963027472,0.24252915436396258,249.3535556286445,0,0,1,14.7,0,0
127,3700.0338498179817,8.21636747847186,0.48043736710995694,311.0923928933469,0,0,1,48.5,0,0
128,4800.04391318193,8.476588655163122,0.331869256600311,426.32816612569974,0,0,1,54.0,0,0
129,500.00457425526133,6.216615231293207,0.6621850599236229,97.4097058072937,0,0,1,10.0,0,0
130,500.00457429876525,6.2166152313800405,0.6621399285550579,97.41302547119551,1,0,0,10.0,0,1
131,500.00457429085543,6.216615231364252,0.47302282590112177,115.25263718720245,1,0,0,10.0,0,1
132,700.006403989796,6.55251702249899,0.474433853157995,136.16581924716758,0,0,1,11.3,0,0
133,26300.240607676842,10.177371388447877,0.19777115375491455,1292.7165808827476,0,0,1,78.2,0,0
134,600.0054891601003,6.39860406787137,0.5576453631756788,116.27959115297324,1,0,0,10.7,0,1
135,500.00457427899073,6.216615231340571,0.4647546559783827,116.2733127384598,0,0,1,10.0,0,0
136,1900.0173823337257,7.5501444862308045,0.5179476582295548,214.70431965997946,0,0,1,19.3,0,0
137,4300.039338875255,8.366611979190468,0.44938161537379184,346.7635942765624,0,0,1,51.5,0,0
138,1100.0100634588653,7.003983276970522,0.5602160698254453,157.08165921251543,0,0,1,14.0,0,0
139,700.0064040135254,6.55251702253284,0.380977399786062,151.95196895028727,0,0,1,11.3,0,0
140,500.00457429876525,6.2166152313800405,0.6621382898447346,97.41314601371218,1,0,0,10.0,0,1
141,900.0082336926915,6.8035143959602475,0.8365728467463492,116.2723074366908,0,0,1,12.7,0,0
142,800.0073188827703,6.6858700842086005,0.42388208242212017,154.0030714294061,0,0,1,12.0,0,0
143,700.0064040214352,6.552517022544124,0.6505828338475436,116.27989706854524,1,0,0,11.3,0,1
144,2000.018297139692,7.601411478539775,0.33884593234189725,272.3458601964179,1,0,0,40.0,0,1
145,700.0064040135254,6.55251702253284,0.6622946362502049,115.24718326697308,0,0,1,11.3,0,0
146,800.0073188827703,6.6858700842086005,0.5504927289589395,135.1375741185474,0,0,1,12.0,0,0
147,600.0054891482356,6.398604067851628,0.41920095968084603,134.11316435883944,0,0,1,10.7,0,0
148,600.0054891521904,6.398604067858209,0.4128517489150544,135.1404869380326,0,0,1,10.7,0,0
149,700.0064039937511,6.552517022504632,0.4816093576876871,135.14764434589998,1,0,0,11.3,0,1
150,1000.0091485856657,6.908763918719676,0.33111319610553214,194.81333178451015,0,0,1,13.3,0,0
151,600.0054891561454,6.398604067864789,0.5576528616046598,116.27880937843688,0,0,1,10.7,0,0
152,42800.391559389755,10.664325894111204,0.2558791344056494,1449.8109203458885,0,0,1,86.4,0,0
153,1400.0128080033217,7.244950688338989,0.3281882487136325,231.53114697996304,0,0,1,16.0,0,0
154,2000.0182971357372,7.601411478537798,0.5611781605157725,211.6272243311785,0,0,1,40.0,0,0
155,2600.0237863670254,7.863660410492197,0.5169162147442017,251.41055968677364,0,0,1,43.0,0,0
156,1100.0100633955872,7.00398327691305,0.5750587751896441,155.04120804987286,1,0,0,14.0,0,1
157,700.0064039818864,6.552517022487707,0.47441419344917957,136.16864057074002,0,0,1,11.3,0,0
158,600.0054891601002,6.398604067871369,0.7945405727429258,97.41470153272905,1,0,0,10.7,0,1
159,600.0054891521904,6.398604067858209,0.4066072339873131,136.17425040820376,1,0,0,10.7,0,1
160,1600.0146377101719,7.3783928558094924,0.5468492754238949,191.74899191834288,1,0,0,17.3,0,1
161,500.00457429876525,6.2166152313800405,0.4647045501041158,116.27958104494529,0,0,1,10.0,0,0
162,1100.0100634311812,7.003983276945378,0.30860331498772836,211.64254131488144,1,0,0,14.0,0,1
163,1000.0091485896207,6.9087639187236265,0.3381414375840048,192.77811138443644,1,0,0,13.3,0,1
164,600.0054891601002,6.398604067871369,0.3946770630630648,138.21704376497,0,0,1,10.7,0,0
165,2700.024701133443,7.901386498931637,0.35287007225932654,310.0854492603511,1,0,0,43.5,0,1
166,1000.0091485421618,6.9087639186762155,0.5228202870291696,155.0353389150896,0,0,1,13.3,0,0
167,800.0073188748604,6.685870084198726,0.42386328132564016,154.006486910269,0,0,1,12.0,0,0
168,1200.0109782411025,7.090918962955027,0.6191013325091936,156.06900882250744,1,0,0,14.7,0,1
169,900.0082337045562,6.803514395973416,0.609909523319782,136.17439861951374,1,0,0,12.7,0,1
170,800.0073188788153,6.685870084203663,0.5504662730718839,135.1408214937722,0,0,1,12.0,0,0
171,1500.0137228646563,7.3138959740731195,0.4128095531202529,213.6867916943192,0,0,1,16.7,0,0
172,700.0064040253902,6.5525170225497655,0.4816679043242994,135.13943051489431,0,0,1,11.3,0,0
173,800.0073188471761,6.685870084164164,0.5421414818144611,136.1744383925414,1,0,0,12.0,0,1
174,2400.021956596897,7.783649740951159,0.3200306841501282,306.9846989621186,0,0,1,42.0,0,0
175,4400.040253681221,8.38959621325443,0.29842382255088906,430.44385509959045,0,0,1,52.0,0,0
176,500.00457429876525,6.2166152313800405,0.4647220287236891,116.27739433380816,0,0,1,10.0,0,0
177,600.0054891601002,6.398604067871369,0.5479045043099998,117.3086693095436,1,0,0,10.7,0,1
178,900.0082337322406,6.803514396004141,0.6286858487974311,134.1254928741084,1,0,0,12.7,0,1
179,2800.025616022462,7.937740920531557,0.3231814394435245,329.96108938679384,0,0,1,44.0,0,0
180,500.00457427899073,6.216615231340571,0.676279423315029,96.38930168400114,1,0,0,10.0,0,1
181,600.0054891561454,6.398604067864789,0.5576067310661592,116.28361912413955,1,0,0,10.7,0,1
182,1200.010978292516,7.0909189629978355,0.5105484600504634,171.86168137919717,1,0,0,14.7,0,1
183,2800.025615998733,7.937740920523086,0.2354429447309691,386.58330424628315,1,0,0,44.0,0,1
184,500.0045743027202,6.216615231387935,0.4729859613020148,115.25712850525781,1,0,0,10.0,0,1
185,600.0054891680101,6.39860406788453,0.8115309865838206,96.3895583223514,1,0,0,10.7,0,1
186,3000.0274457886367,8.006709990946243,0.2741989228711813,370.79568686314656,1,0,0,45.0,0,1
187,1000.0091485658911,6.908763918699921,0.4204226442071855,172.8876093101692,1,0,0,13.3,0,1
188,700.0064040135254,6.55251702253284,0.6621645893017476,115.25849979532603,1,0,0,11.3,0,1
189,1800.016467480301,7.496106488654588,0.30494695240612196,272.35228445298884,1,0,0,18.7,0,1
190,1400.0128080270508,7.244950688355926,0.48361928283831096,190.73005415330408,1,0,0,16.0,0,1
191,1100.0100634153616,7.0039832769310095,0.37593208429188985,191.75582474102976,1,0,0,14.0,0,1
192,600.0054891601002,6.398604067871369,0.7945215044386621,97.41587048914701,1,0,0,10.7,0,1
193,800.0073188709056,6.685870084193788,0.4238541227176342,154.00815078119342,0,0,1,12.0,0,0
194,800.0073188827703,6.6858700842086005,0.4073540299470862,157.09628084823774,1,0,0,12.0,0,1
195,600.0054891561454,6.398604067864789,0.557606552975189,116.28363769373918,1,0,0,10.7,0,1
196,23200.21224722462,10.051959808324856,0.1626688149659984,1338.7477674831614,0,0,1,76.6,0,0
197,500.00457426712603,6.216615231316889,0.6762583269740641,96.39080513622291,1,0,0,10.0,0,1
198,1200.0109782766967,7.090918962984664,0.33021145509153643,213.69850018830937,1,0,0,14.7,0,1
199,2000.0182971436477,7.601411478541751,0.26139781586270494,310.07798929278647,0,0,1,40.0,0,0
200,500.00457429876525,6.2166152313800405,0.4646712456964873,116.28374802667018,1,0,0,10.0,0,1
201,1000.0091485975305,6.908763918731529,0.4058499181769118,175.964146452136,1,0,0,13.3,0,1
202,800.0073188590408,6.685870084178976,0.7567615418210953,115.25834663714971,1,0,0,12.0,0,1
203,1000.0091486054404,6.908763918739431,0.41547932257841397,173.91306584769387,1,0,0,13.3,0,1
204,500.0045742394417,6.216615231261631,0.45658123729112526,117.30942076844707,1,0,0,10.0,0,1
205,1500.0137228765211,7.313895974081024,0.49661246552300686,194.8245760250361,0,0,1,16.7,0,0
206,500.00457429876525,6.2166152313800405,0.6621036487097774,97.41569429886894,1,0,0,10.0,0,1
207,600.0054891680101,6.39860406788453,0.4127908242217824,135.1504594106864,0,0,1,10.7,0,0
208,500.00457429481037,6.216615231372146,0.4565830103107326,117.30919300463503,1,0,0,10.0,0,1
209,700.0064040135255,6.55251702253284,0.48163462423068365,135.1440993799223,0,0,1,11.3,0,0
210,900.0082336412779,6.803514395903185,0.4583302709672956,157.0865141185926,0,0,1,12.7,0,0
211,500.00457429481037,6.216615231372146,0.6762535873194855,96.39114292513682,0,0,1,10.0,0,0
212,2200.0201268465426,7.696676225894712,0.28751325681342743,310.0911144878005,0,0,1,41.0,0,0
213,800.007318851131,6.6858700841691014,0.4181988369950098,155.0459768950966,0,0,1,12.0,0,0
214,1500.0137228962956,7.313895974094199,0.4127507996353684,213.7019999008276,0,0,1,16.7,0,0
215,500.0045743027202,6.216615231387935,0.6620955503317605,97.41629006424952,0,0,1,10.0,0,0
216,600.0054891601003,6.39860406787137,0.4127778291724835,135.1525867927799,0,0,1,10.7,0,0
217,500.0045743027202,6.216615231387935,0.4566353495160656,117.30246986652693,0,0,1,10.0,0,0
218,700.0064040253902,6.5525170225497655,0.3659694726395616,155.0363404357502,0,0,1,11.3,0,0
219,600.0054891403258,6.398604067838467,0.4065867343878237,136.17768323209822,0,0,1,10.7,0,0
220,600.0054891561454,6.398604067864789,0.5479136804248076,117.30768699902048,0,0,1,10.7,0,0
221,1000.0091485896207,6.9087639187236265,0.6879587249721372,135.15301149151693,0,0,1,13.3,0,0
222,600.0054891561454,6.398604067864789,0.5575984783205338,116.28447964978255,0,0,1,10.7,0,0
223,9500.08691151834,9.159161482782881,0.18931383426954526,794.104295910101,0,0,1,77.5,0,0
224,1100.0100634549108,7.00398327696693,0.5906069626150273,152.98680678312797,0,0,1,14.0,0,0
225,900.0082337243308,6.803514395995363,0.48323488293092626,152.98506483232222,0,0,1,12.7,0,0
226,1900.017382294177,7.550144486210001,0.2262746686051197,324.8371939900054,0,0,1,19.3,0,0
227,600.0054891601002,6.398604067871369,0.39463319999799434,138.22472489105158,0,0,1,10.7,0,0
228,3800.034764643723,8.243028615130985,0.4440540183821768,327.9297475287582,0,0,1,49.0,0,0
229,800.007318811582,6.685870084119728,0.5340356452213342,137.2040051614258,0,0,1,12.0,0,0
230,600.0054891561454,6.398604067864789,0.4065779387065952,136.17915622209594,0,0,1,10.7,0,0
231,500.00457428294567,6.216615231348465,0.6763492181788873,96.38432817988597,0,0,1,10.0,0,0
232,500.0045743027202,6.216615231387935,0.4730354155101094,115.25110348174385,0,0,1,10.0,0,0
233,500.00457429481037,6.216615231372146,0.4566472253264898,117.30094454049643,0,0,1,10.0,0,0
234,500.00457429481037,6.216615231372146,0.6763384630886079,96.38509452664393,0,0,1,10.0,0,0
235,700.0064039779314,6.552517022482065,0.3659153432271861,155.0478071752309,0,0,1,11.3,0,0
236,700.0064040174803,6.552517022538482,0.6621375940929567,115.26084930395795,0,0,1,11.3,0,0
237,500.0045743027202,6.216615231387935,0.46466128214437813,116.28499473415803,0,0,1,10.0,0,0
238,1200.0109783202006,7.090918963020886,0.2812655577464882,231.54705655645455,0,0,1,14.7,0,0
239,900.0082337361955,6.803514396008531,0.6191721920908039,135.15199216161662,0,0,1,12.7,0,0
240,900.0082337441053,6.8035143960173095,0.6191474571921727,135.15469179167673,0,0,1,12.7,0,0
241,600.0054891640551,6.398604067877949,0.5478921269928199,117.3099943503317,0,0,1,10.7,0,0
242,1000.009148573801,6.908763918707823,0.5228062690854275,155.03741737587342,0,0,1,13.3,0,0
243,800.0073188788153,6.685870084203663,0.5503584605392147,135.1540575588143,0,0,1,12.0,0,0
244,700.0064040214353,6.552517022544124,0.4672848392621182,137.20346935555298,0,0,1,11.3,0,0
245,600.0054891640552,6.39860406787795,0.557674202439412,116.27658450436972,0,0,1,10.7,0,0
246,2000.0182971752868,7.601411478557563,0.3439744197644802,270.30796504958755,0,0,1,40.0,0,0
247,500.00457429876525,6.2166152313800405,0.4647260521939972,116.27689098387329,0,0,1,10.0,0,0
248,1300.0118931815355,7.170897620039926,0.30470439065942395,231.54704271331883,0,0,1,15.3,0,0
249,500.00457427899073,6.216615231340571,0.6762705553735767,96.3899336587892,0,0,1,10.0,0,0
250,700.0064039858411,6.552517022493348,0.6621309674258913,115.26142607045212,0,0,1,11.3,0,0
251,600.0054891640552,6.39860406787795,0.41282712508059566,135.14451723093276,0,0,1,10.7,0,0
252,1400.0128080389159,7.244950688364395,0.23898202763923035,271.3240653556608,0,0,1,16.0,0,0
253,600.0054891561454,6.398604067864789,0.5675361082380318,115.26190546638765,0,0,1,10.7,0,0
254,500.004574306675,6.216615231395828,0.4815043811573925,114.23305702302498,0,0,1,10.0,0,0
255,500.0045743027201,6.216615231387934,0.4566060228502516,117.30623682855266,0,0,1,10.0,0,0
256,600.0054891601003,6.39860406787137,0.40663827738485725,136.1690524330268,0,0,1,10.7,0,0
257,600.0054891561454,6.398604067864789,0.8115312185489507,96.38954454557712,0,0,1,10.7,0,0
258,600.0054891680101,6.39860406788453,0.5675261264259385,115.26291909277677,0,0,1,10.7,0,0
259,500.0045742987652,6.2166152313800405,0.676223059127649,96.39331869729334,0,0,1,10.0,0,0
260,600.0054891601003,6.39860406787137,0.5478797964141896,117.31131443144861,0,0,1,10.7,0,0
261,900.0082337361956,6.803514396008531,0.3695988287763883,174.929429655472,0,0,1,12.7,0,0
262,1100.0100634153616,7.0039832769310095,0.5827635994282618,154.0128837278646,0,0,1,14.0,0,0
263,1000.0091485896207,6.9087639187236265,0.4154856563063972,173.91174026235038,0,0,1,13.3,0,0
264,500.00457428294567,6.216615231348465,0.6762204781474375,96.39350265131161,0,0,1,10.0,0,0
265,600.0054891601002,6.398604067871369,0.7944775570174981,97.41856478620282,0,0,1,10.7,0,0
266,500.00457427503585,6.216615231332677,0.47294050221446676,115.26266763222367,0,0,1,10.0,0,0
267,1300.0118931736256,7.170897620033847,0.3611571819604715,212.681868403984,0,0,1,15.3,0,0
268,600.0054891640551,6.398604067877949,0.4065652236170251,136.18128566807448,0,0,1,10.7,0,0
269,1000.0091486014854,6.908763918735479,0.6879477261322335,135.1540918944611,0,0,1,13.3,0,0
270,800.0073188788153,6.685870084203663,0.743483815795584,116.28297987150053,1,0,0,12.0,0,1
271,500.0045743027202,6.216615231387935,0.47293270183452846,115.26361818174972,0,0,1,10.0,0,0
272,600.0054891126415,6.398604067792403,0.4065688415038806,136.18067975060927,0,0,1,10.7,0,0
273,600.0054891521904,6.398604067858209,0.4190821197957699,134.13217836937105,0,0,1,10.7,0,0
274,1400.0128079875021,7.244950688327697,0.4683596980329959,193.81222964206896,0,0,1,16.0,0,0
275,500.00457424735157,6.216615231277419,0.46463832890577567,116.28786694477623,0,0,1,10.0,0,0
276,600.0054891601002,6.398604067871369,0.7944631674750142,97.41944701856215,0,0,1,10.7,0,0
277,600.0054891601002,6.398604067871369,0.5575875533897647,116.28561883777788,0,0,1,10.7,0,0
278,1000.0091485975304,6.908763918731529,0.3417151124025202,191.76742010370737,0,0,1,13.3,0,0
279,1100.0100634074518,7.003983276923825,0.7453770436095882,136.18060354967167,0,0,1,14.0,0,0
280,700.0064040174803,6.552517022538482,0.4672770042569544,137.20461962082683,0,0,1,11.3,0,0
281,600.005489132416,6.398604067825306,0.4190690890709813,134.13426373441922,0,0,1,10.7,0,0
282,500.00457426317115,6.216615231308995,0.6762038877421114,96.3946851311243,0,0,1,10.0,0,0
283,1400.0128080428706,7.244950688367218,0.46344757366138495,194.83663936182722,0,0,1,16.0,0,0
284,2500.0228714780064,7.824455075769034,0.37302405367718816,290.207414678905,0,0,1,42.5,0,0
285,500.00457429876525,6.2166152313800405,0.4565550572737241,117.31278413608146,0,0,1,10.0,0,0
286,1000.0091485975304,6.908763918731529,0.5158843084498431,156.0740713316246,0,0,1,13.3,0,0
287,600.0054891601003,6.39860406787137,0.557568753665641,116.2875792409676,0,0,1,10.7,0,0
288,500.00457427899073,6.216615231340571,0.4729223290537548,115.26488223191849,0,0,1,10.0,0,0
289,500.00457429481037,6.216615231372146,0.6761892146393089,96.39573099635366,0,0,1,10.0,0,0
290,500.00457429481037,6.216615231372146,0.6762025188785352,96.39478270191674,0,0,1,10.0,0,0
291,600.005489136371,6.3986040678318865,0.4127491433900907,135.1572832145548,0,0,1,10.7,0,0
292,2200.020126913776,7.696676225925258,0.5995743302056787,214.7319873476537,0,0,1,41.0,0,0
293,800.0073188709056,6.685870084193788,0.7434202766171152,116.28794904339655,0,0,1,12.0,0,0
294,600.0054891601002,6.398604067871369,0.7944747824864183,97.41873489267172,0,0,1,10.7,0,0
295,500.00457429876525,6.2166152313800405,0.4646405552986813,116.28758834529405,0,0,1,10.0,0,0
296,1600.0146377536755,7.3783928558366645,0.26503296975431434,275.4336253259831,0,0,1,17.3,0,0
297,800.0073188827703,6.6858700842086005,0.4181708081074458,155.05117297276962,0,0,1,12.0,0,0
298,2700.0247011373986,7.901386498933101,0.24951119924049378,368.7599767111436,0,0,1,43.5,0,0
299,500.00457429876525,6.2166152313800405,0.6762008550437836,96.3949012949391,0,0,1,10.0,0,0
300,800.0073188827703,6.6858700842086005,0.7305017391481846,117.31168829037378,0,0,1,12.0,0,0
301,500.00457428690055,6.216615231356358,0.4565591623252233,117.31225673742914,0,0,1,10.0,0,0
302,900.0082337322406,6.803514396004141,0.6098474207448227,136.18133196692241,0,0,1,12.7,0,0
303,6200.056721169435,8.73247499540842,0.07999218805842118,986.9132396120629,0,0,1,61.0,0,0
304,500.004574306675,6.216615231395828,0.4814344000749897,114.24135915358517,0,0,1,10.0,0,0
305,800.0073188827703,6.6858700842086005,0.5340296558173664,137.20477457040886,0,0,1,12.0,0,0
306,1100.0100634588655,7.003983276970522,0.45164897424809114,174.94548837720777,0,0,1,14.0,0,0
307,1200.0109782925163,7.0909189629978355,0.3432067052713335,209.61369785391196,0,0,1,14.7,0,0
308,900.0082336926915,6.8035143959602475,0.6192016725880544,135.1487747935279,0,0,1,12.7,0,0
309,900.0082337480602,6.803514396021699,0.4642916642578846,156.07477950022084,0,0,1,12.7,0,0
310,500.0045743027201,6.216615231387934,0.662111168741577,97.41514109064394,1,0,0,10.0,0,1
311,700.006403989796,6.55251702249899,0.4743222723735441,136.18183430315185,0,0,1,11.3,0,0
312,1200.0109783281102,7.090918963027472,0.41005505026785477,191.76814138284527,0,0,1,14.7,0,0
313,600.0054891601002,6.398604067871369,0.5575572240585168,116.2887815777978,0,0,1,10.7,0,0
314,800.0073188788153,6.685870084203663,0.4127026691642648,156.07497471408297,0,0,1,12.0,0,0
315,700.0064039937508,6.552517022504632,0.4815159184797497,135.16075655651449,0,0,1,11.3,0,0
316,700.0064040174803,6.552517022538482,0.6620584960368014,115.26773437294783,0,0,1,11.3,0,0
317,1700.0155525477774,7.438980735533239,0.4723218079747863,212.67301117508998,0,0,1,18.0,0,0
318,1600.014637702262,7.3783928558045515,0.32060251829381536,250.42832298912222,0,0,1,17.3,0,0
319,1000.0091485975305,6.908763918731529,0.41542278180794034,173.92490059055845,0,0,1,13.3,0,0
320,700.0064040174803,6.552517022538482,0.48155715654458736,135.1549692007535,1,0,0,11.3,0,1
321,3400.0311051865174,8.131833930859672,0.3177076192672958,366.718282535525,0,0,1,47.0,0,0
322,3700.0338497823873,8.21636747846224,0.5520504121253437,290.21403496426876,0,0,1,48.5,0,0
323,500.0045742987652,6.2166152313800405,0.676168470912395,96.39720961594709,0,0,1,10.0,0,0
324,600.0054891601002,6.398604067871369,0.40053774120449304,137.20211988373688,0,0,1,10.7,0,0
325,500.004574306675,6.216615231395828,0.6761653681444122,96.39743078881227,0,0,1,10.0,0,0
326,1900.0173822862675,7.55014448620584,0.44925514748323975,230.53516905539,0,0,1,19.3,0,0
327,700.0064040174803,6.552517022538482,0.4672566556314414,137.2076071598954,0,0,1,11.3,0,0
328,500.00457429876525,6.2166152313800405,0.46461368147832366,116.29095140442804,0,0,1,10.0,0,0
329,600.0054891601002,6.398604067871369,0.5675173693213286,115.26380837365045,1,0,0,10.7,0,1
330,600.0054891363708,6.3986040678318865,0.5675123864681314,115.26431438797016,0,0,1,10.7,0,0
331,700.0064039621117,6.552517022459497,0.47433600086271843,136.17986356203485,0,0,1,11.3,0,0
332,800.0073188827704,6.6858700842086005,0.42374901966303397,154.02724902534,0,0,1,12.0,0,0
333,1200.0109783004264,7.090918963004422,0.28123075983996443,231.56138127423074,0,0,1,14.7,0,0
334,2300.0210417711555,7.741108234613787,0.45715071424790465,251.44391802420623,0,0,1,41.5,0,0
335,500.00457429876525,6.2166152313800405,0.46461203734817874,116.29115716458304,0,0,1,10.0,0,0
336,1000.0091485658913,6.908763918699921,0.522725224273411,155.04943563148123,0,0,1,13.3,0,0
337,1000.0091486054404,6.908763918739431,0.4105688799709463,174.94998300821084,0,0,1,13.3,0,0
338,500.004574306675,6.216615231395828,0.47288716948850434,115.26916717672196,0,0,1,10.0,0,0
339,900.0082337441053,6.8035143960173095,0.47671782317297745,154.02722058426264,0,0,1,12.7,0,0
340,600.0054891561454,6.398604067864789,0.5575261400529176,116.29202328259761,0,0,1,10.7,0,0
341,700.0064040214352,6.552517022544124,0.6392090129934309,117.30985381654273,0,0,1,11.3,0,0
342,1700.0155526150108,7.438980735572764,0.7062099358305679,173.92598338407865,0,0,1,18.0,0,0
343,600.0054891561454,6.398604067864789,0.5575299069302991,116.29163042606504,0,0,1,10.7,0,0
344,500.00457427899073,6.216615231340571,0.6761934616532612,96.39542827476374,0,0,1,10.0,0,0
345,500.00457429876525,6.2166152313800405,0.4646385383863151,116.28784073677804,0,0,1,10.0,0,0
346,700.0064040174803,6.552517022538482,0.6504980983214053,116.28747027821791,0,0,1,11.3,0,0
347,900.0082337361955,6.803514396008531,0.31421596265008556,189.72040857895877,1,0,0,12.7,0,1
348,500.0045743027202,6.216615231387935,0.45658795012982145,117.3085584205305,1,0,0,10.0,0,1
349,800.0073188788153,6.685870084203663,0.3209438566048418,176.98537427461343,1,0,0,12.0,0,1
350,500.0045742513064,6.216615231285313,0.6620724572000889,97.41798898778896,0,0,1,10.0,0,0
351,900.0082337203759,6.803514395990973,0.37390006053464964,173.92035194335426,0,0,1,12.7,0,0
352,600.0054891561454,6.398604067864789,0.5674642279397828,115.26920530784432,0,0,1,10.7,0,0
353,5100.046657809437,8.53720102467769,0.23634215364621347,520.7405678107615,0,0,1,55.5,0,0
354,700.0064040095706,6.552517022527199,0.4888595617557713,134.14172335740426,0,0,1,11.3,0,0
355,600.0054891640551,6.398604067877949,0.40654062243328204,136.1854060068111,0,0,1,10.7,0,0
356,1400.0128080270513,7.244950688355926,0.2760175257769305,252.46583019695316,1,0,0,16.0,0,0
357,1000.0091485935757,6.908763918727578,0.4105710770403106,174.9495149058092,0,0,1,13.3,0,0
358,500.00457429481037,6.216615231372146,0.46463436771639466,116.2883626489712,0,0,1,10.0,0,0
359,2500.0228714740515,7.824455075767452,0.26584151051275295,343.7680613274815,0,0,1,42.5,0,0
360,800.0073188313565,6.6858700841444145,0.7433659847607127,116.29219551768658,0,0,1,12.0,0,0
361,1200.0109782766967,7.090918962984664,0.5104156473441163,171.8840395586093,0,0,1,14.7,0,0
362,1400.0128080349607,7.2449506883615715,0.5748008833244566,174.94930558347687,0,0,1,16.0,0,0
363,500.0045743027201,6.216615231387934,0.4487235962975717,118.33207140885634,1,0,0,10.0,0,1
364,2000.0182971990157,7.601411478569421,0.5502596915377418,213.71650641703954,0,0,1,40.0,0,0
365,1200.0109783162457,7.090918963017594,0.3972312979308436,194.8389641297749,0,0,1,14.7,0,0
366,2400.0219566285364,7.783649740964337,0.2735305329981017,332.05470139936205,0,0,1,42.0,0,0
367,800.0073188313565,6.6858700841444145,0.5503104545113914,135.15995247094008,0,0,1,12.0,0,0
368,800.0073188827703,6.6858700842086005,0.7433409258296649,116.29415568091967,0,0,1,12.0,0,0
369,600.0054891640551,6.398604067877949,0.5575508450799787,116.28944681035381,0,0,1,10.7,0,0
370,500.00457426712603,6.216615231316889,0.662006240964186,97.42286091563881,0,0,1,10.0,0,0
371,600.0054891245062,6.398604067812145,0.4127073671733305,135.16412367395247,0,0,1,10.7,0,0
372,600.00548916801,6.39860406788453,0.41905749938926157,134.13611857058473,1,0,0,10.7,0,1
373,5000.045742983698,8.517402318144459,0.17256833838323027,603.4084144454841,0,0,1,55.0,0,0
374,700.0064040174803,6.552517022538482,0.6620742585423238,115.26636223146187,1,0,0,11.3,0,1
375,900.0082337361955,6.803514396008531,0.47670599784484624,154.02913099706623,1,0,0,12.7,0,1
376,196301.79586690798,12.187413622989961,0.09364526946659997,5132.443138015665,1,0,0,99.0,0,1
377,600.0054891601003,6.39860406787137,0.5575220218719452,116.29245278234983,0,0,1,10.7,0,0
378,800.0073187957626,6.685870084099978,0.40735815150670646,157.09548610498425,1,0,0,12.0,0,1
379,2500.022871470096,7.824455075765871,0.19204688970788017,404.45786399716224,1,0,0,42.5,0,1
380,1300.0118930984825,7.170897619976089,0.29674695731592454,234.6310355716272,0,0,1,15.3,0,0
381,600.0054891601002,6.398604067871369,0.5478754436840549,117.31178043470277,0,0,1,10.7,0,0
382,800.0073188748603,6.685870084198726,0.32466324163005805,175.96867008702966,0,0,1,12.0,0,0
383,1000.0091485184324,6.90876391865251,0.6675000003412479,137.20858432654944,0,0,1,13.3,0,0
384,1900.0173822862669,7.5501444862058396,0.4375361738623294,233.6020968303632,0,0,1,19.3,0,0
385,600.0054891680101,6.39860406788453,0.5674258620530266,115.27310214451936,0,0,1,10.7,0,0
386,500.0045742710809,6.216615231324782,0.4813484016074967,114.25156396478235,0,0,1,10.0,0,0
387,700.0064040135255,6.55251702253284,0.48151149038202185,135.16137804272353,0,0,1,11.3,0,0
388,1100.0100634509558,7.003983276963338,0.3055788959344754,212.68731194858475,1,0,0,14.0,0,1
389,2000.018297139692,7.601411478539775,0.2942233254417331,292.2694124727921,0,0,1,40.0,0,0
390,600.0054891561454,6.398604067864789,0.5478786851754539,117.31143339974443,1,0,0,10.7,0,1
391,1000.0091485975305,6.908763918731529,0.5296131625598983,154.0378802320697,0,0,1,13.3,0,0
392,2300.0210417157878,7.741108234589724,0.3954924388107723,270.3346683143334,0,0,1,41.5,0,0
393,700.0064040214353,6.552517022544124,0.37075809533122345,154.03188044739625,1,0,0,11.3,0,1
394,1000.0091486014853,6.908763918735479,0.5158409714426168,156.08062726823653,0,0,1,13.3,0,0
395,1300.0118931815355,7.170897620039926,0.5400049450038145,173.93209432021033,0,0,1,15.3,0,0
396,800.0073188748604,6.685870084198726,0.5502939787678741,135.16197579681094,0,0,1,12.0,0,0
397,500.0045742987652,6.2166152313800405,0.4486747988158971,118.33850608012352,0,0,1,10.0,0,0
398,7300.0667846164315,8.895775751338784,0.27325257115057566,579.4103117962698,0,0,1,66.5,0,0
399,4500.041168645383,8.412064019806397,0.3155187689987484,423.35098644316986,0,0,1,52.5,0,0
400,800.0073188511312,6.6858700841691014,0.41812228069068647,155.06017035507816,0,0,1,12.0,0,0
401,2400.021956509889,7.783649740914921,0.5478285426858447,234.63360400868126,0,0,1,42.0,0,0
402,500.0045742710809,6.216615231324782,0.6620531364084427,97.41941046091793,1,0,0,10.0,0,1
403,1400.0128080389154,7.244950688364394,0.463402402447336,194.8461352047226,0,0,1,16.0,0,0
404,600.0054891601002,6.398604067871369,0.5575405255693087,116.2905230049548,1,0,0,10.7,0,1
405,800.0073188827703,6.6858700842086005,0.7433266076138627,116.29527572477525,0,0,1,12.0,0,0
406,900.0082337401502,6.80351439601292,0.36521507115698487,175.97615640134245,0,0,1,12.7,0,0
407,500.0045742315319,6.216615231245843,0.4565489715377319,117.31356600735512,0,0,1,10.0,0,0
408,800.0073188827703,6.6858700842086005,0.4073141466403456,157.10397192138066,0,0,1,12.0,0,0
409,500.0045742987652,6.2166152313800405,0.6760970355363134,96.40230207211405,0,0,1,10.0,0,0
410,28700.262564289555,10.264696392567195,0.1917175542724176,1371.5666826079969,0,0,1,79.4,0,0
411,500.00457426712603,6.216615231316889,0.6620069758746585,97.42280683984866,0,0,1,10.0,0,0
412,500.00457427899073,6.216615231340571,0.6760905513637464,96.40276435123097,0,0,1,10.0,0,0
413,900.0082337124661,6.803514395982194,0.6190332016949514,135.16716402341723,0,0,1,12.7,0,0
414,500.00457429481037,6.216615231372146,0.6760993098847886,96.40213992646072,0,0,1,10.0,0,0
415,3100.028360618332,8.039489064694981,0.21424100509247554,426.4189210460642,0,0,1,45.5,0,0
416,800.0073188827703,6.6858700842086005,0.7433269356915169,116.29525006050585,0,0,1,12.0,0,0
417,500.0045742829457,6.216615231348465,0.4645692653620804,116.29651038953531,0,0,1,10.0,0,0
418,500.00457429085543,6.216615231364252,0.481323985074967,114.25446179858295,0,0,1,10.0,0,0
419,30200.276287158158,10.315639463634161,0.1458002796824466,1613.3597260168851,0,0,1,80.1,0,0
420,500.00457430667507,6.216615231395828,0.676145102879883,96.3988753787303,1,0,0,10.0,0,1
421,900.0082337322406,6.803514396004141,0.3694948112460437,174.9540503619299,0,0,1,12.7,0,0
422,600.0054891561454,6.398604067864789,0.5674022931684963,115.27549623858667,0,0,1,10.7,0,0
423,1200.0109782846066,7.09091896299125,0.33014270228025977,213.7207505790776,0,0,1,14.7,0,0
424,1300.011893122212,7.170897619994328,0.4348420015003697,193.82636526316307,0,0,1,15.3,0,0
425,700.0064039977058,6.552517022510274,0.6619759529357218,115.27492062908972,0,0,1,11.3,0,0
426,500.0045743027202,6.216615231387935,0.6619925212995932,97.42387044867614,0,0,1,10.0,0,0
427,3000.027445772817,8.006709990940971,0.1927672972830023,442.2327145947878,0,0,1,45.0,0,0
428,700.0064040135255,6.55251702253284,0.650391341562037,116.29701373526294,0,0,1,11.3,0,0
429,12700.11618705337,9.449445157329054,0.16991817706487863,969.1452220048217,0,0,1,71.4,0,0
430,7300.066784422641,8.895775751312241,0.2815769113563325,570.7814208740845,0,0,1,66.5,0,0
431,1200.0109782569223,7.090918962968199,0.4926462436202757,174.95644831317472,0,0,1,14.7,0,0
432,700.0064040214353,6.552517022544124,0.4742616711401286,136.190534696764,0,0,1,11.3,0,0
433,800.0073188827703,6.6858700842086005,0.32089691196695747,176.9983195701774,0,0,1,12.0,0,0
434,600.0054890968219,6.398604067766081,0.5478507524683003,117.31442397498652,0,0,1,10.7,0,0
435,4700.042998332459,8.455539677617582,0.3279403228553449,424.3834485939609,0,0,1,53.5,0,0
436,900.0082337361955,6.803514396008531,0.37386093517359503,173.92945227859263,1,0,0,12.7,0,1
437,500.00457429876525,6.2166152313800405,0.6760975715954846,96.4022638547394,0,0,1,10.0,0,0
438,67700.61935917794,11.12286537824765,0.2176502464867176,1977.0682932484572,0,0,1,91.8,0,1
439,500.0045742987652,6.2166152313800405,0.6619784596503515,97.42490517457165,0,0,1,10.0,0,0
440,1100.0100634588655,7.003983276970522,0.4569381846588012,173.93001530916737,0,0,1,14.0,0,0
441,500.0045743027202,6.216615231387935,0.46456076873341334,116.29757389505406,0,0,1,10.0,0,0
442,6100.055806367421,8.716217118195319,0.30060457406124125,504.97984394942785,0,0,1,60.5,0,0
443,1300.0118931736258,7.170897620033847,0.22185092073770551,271.36134115392093,0,0,1,15.3,0,0
444,2200.020126917731,7.696676225927056,0.2507214951501109,332.0645195134573,0,0,1,41.0,0,0
445,1400.0128079558626,7.244950688305114,0.5747460649454316,174.95764857491082,0,0,1,16.0,0,0
446,900.0082337401504,6.80351439601292,0.2887417519584262,197.91257059511133,0,0,1,12.7,0,0
447,800.0073187997173,6.6858700841049155,0.5339773865892875,137.21148965304846,0,0,1,12.0,0,0
448,1100.0100634549106,7.00398327696693,0.46230290629981474,172.9178986982745,0,0,1,14.0,0,0
449,800.0073188788153,6.685870084203663,0.41811243697384926,155.0619956555649,0,0,1,12.0,0,0
450,500.00457429481025,6.216615231372146,0.6760454750346689,96.40597819742878,0,0,1,10.0,0,0
451,800.0073188788153,6.685870084203663,0.5586109806885666,134.15200807945928,0,0,1,12.0,0,0
452,500.00457429876525,6.2166152313800405,0.4645825731745216,116.29484474212305,0,0,1,10.0,0,0
453,900.0082337006013,6.803514395969026,0.4766042239304942,154.04557578197853,0,0,1,12.7,0,0
454,800.0073188827703,6.6858700842086005,0.42933313715664445,153.02229359653688,0,0,1,12.0,0,0
455,500.0045742671261,6.216615231316889,0.47280357359012043,115.27935703136434,0,0,1,10.0,0,0
456,1000.0091486014854,6.908763918735479,0.6775319105794751,136.18900324269043,0,0,1,13.3,0,0
457,900.0082337203759,6.803514395990973,0.30421882359044694,192.81247615934836,0,0,1,12.7,0,0
458,600.0054891601002,6.398604067871369,0.5574809764352916,116.29673381331676,0,0,1,10.7,0,0
459,900.0082337401504,6.80351439601292,0.4703472875713823,155.06680950718302,0,0,1,12.7,0,0
460,1100.0100634628204,7.003983276974115,0.5748680097478015,155.0669305254922,0,0,1,14.0,0,0
461,600.0054891126414,6.398604067792403,0.4126752621376169,135.16938127468208,0,0,1,10.7,0,0
462,900.0082337361955,6.803514396008531,0.48297355692804467,153.02644760517612,0,0,1,12.7,0,0
463,800.0073188827703,6.6858700842086005,0.32843729999951476,174.95472480092374,0,0,1,12.0,0,0
464,1000.0091486093952,6.908763918743381,0.28043390214234254,211.68576820613126,0,0,1,13.3,0,0
465,2400.021956541528,7.783649740928098,0.22423291675758675,366.74386398910696,0,0,1,42.0,0,0
466,500.0045743027202,6.216615231387935,0.45650397515171076,117.3193475167657,0,0,1,10.0,0,0
467,600.0054891601003,6.39860406787137,0.41267041985772335,135.17017431731094,0,0,1,10.7,0,0
468,1000.0091486014854,6.908763918735479,0.5091551797078632,157.10204397531936,0,0,1,13.3,0,0
469,2000.0182971990157,7.601411478569421,0.6619547727241029,194.85329650276344,0,0,1,40.0,0,0
470,1700.0155526150108,7.438980735572764,0.3880454753351111,234.63352613534127,0,0,1,18.0,0,0
471,900.0082337401504,6.80351439601292,0.6097372945097643,136.19362944415792,0,0,1,12.7,0,0
472,8300.075933253513,9.024140415895852,0.308450327410776,581.5048576489697,0,0,1,71.5,0,0
473,500.00457426317115,6.216615231308995,0.6760346296395119,96.40675149554531,0,0,1,10.0,0,0
474,500.00457430667507,6.216615231395828,0.6760266104034179,96.40732330134946,0,0,1,10.0,0,0
475,500.00457425526133,6.216615231293207,0.46453712951951076,116.3005329083912,0,0,1,10.0,0,0
476,600.0054891680101,6.39860406788453,0.5673554065867831,115.28025935844386,0,0,1,10.7,0,0
477,1400.0128080033214,7.244950688338989,0.24255016492511658,269.3209571755115,0,0,1,16.0,0,0
478,4900.044828074904,8.497203691587755,0.40971899325829464,387.669746394818,0,0,1,54.5,0,0
479,500.00457427503585,6.216615231332677,0.6760689341240882,96.4043055731254,0,0,1,10.0,0,0
480,500.00457428690055,6.216615231356358,0.45649633193357364,117.32032966257303,0,0,1,10.0,0,0
481,1000.0091485619364,6.90876391869597,0.5295379592730682,154.04881782448064,0,0,1,13.3,0,0
482,500.0045742987652,6.2166152313800405,0.6760142883886323,96.4082019262834,0,0,1,10.0,0,0
483,500.00457429481037,6.216615231372146,0.676015546394144,96.40811222226553,0,0,1,10.0,0,0
484,1000.0091485975305,6.908763918731529,0.677482733562846,136.19394598635606,0,0,1,13.3,0,0
485,700.0064040135255,6.55251702253284,0.4814104456623088,135.17556201724375,0,0,1,11.3,0,0
486,1000.0091485975307,6.908763918731529,0.3309920434767404,194.84898217117097,0,0,1,13.3,0,0
487,900.0082337401504,6.80351439601292,0.4703567671522986,155.06524688931788,0,0,1,12.7,0,0
488,500.00457425526133,6.216615231293207,0.4645682711799981,116.29663482426403,0,0,1,10.0,0,0
489,500.00457426317115,6.216615231308995,0.6760435905963316,96.40611255775191,0,0,1,10.0,0,0
490,1100.0100634667754,7.003983276977706,0.4568690924727159,173.94316650657566,0,0,1,14.0,0,0
491,800.0073188788153,6.685870084203663,0.533953797443827,137.21452050824655,0,0,1,12.0,0,0
492,1900.0173822546276,7.550144486189197,0.7799894323346631,174.96023755902874,0,0,1,19.3,0,0
493,800.0073188709056,6.685870084193788,0.34019953066014597,171.90363374892195,0,0,1,12.0,0,0
494,900.0082337401504,6.80351439601292,0.36946797728358965,174.96040358607357,0,0,1,12.7,0,0
495,800.0073188827704,6.6858700842086005,0.5419912387148615,136.19331125788756,0,0,1,12.0,0,0
496,1300.011893165716,7.170897620027767,0.30730894351345905,230.56373293577587,0,0,1,15.3,0,0
497,500.00457426712603,6.216615231316889,0.4645601343626318,116.29765329479817,0,0,1,10.0,0,0
498,500.0045743027202,6.216615231387935,0.4564969552688186,117.32024956540471,0,0,1,10.0,0,0
499,500.00457429876525,6.2166152313800405,0.661957973363371,97.42641271674572,0,0,1,10.0,0,0
500,900.0082337361955,6.803514396008531,0.6006983815966371,137.2144794518205,0,0,1,12.7,0,0
501,600.0054891561454,6.398604067864789,0.8112664738531102,96.40527090671108,0,0,1,10.7,0,0
502,1100.0100634272264,7.003983276941786,0.3679295099939858,193.82997963798266,0,0,1,14.0,0,0
503,500.00457429481037,6.216615231372146,0.4645250080775035,116.30205029197384,0,0,1,10.0,0,0
504,700.0064039700216,6.552517022470782,0.3658194586759484,155.06812555137577,0,0,1,11.3,0,0
505,600.0054891601002,6.398604067871369,0.7943384082608883,97.42709709335037,0,0,1,10.7,0,0
506,2400.0219566008514,7.783649740952806,0.4887093363105464,248.42037984981084,0,0,1,42.0,0,0
507,500.00457429876525,6.2166152313800405,0.6760168670444862,96.40801805231261,0,0,1,10.0,0,0
508,700.0064040174805,6.552517022538482,0.4742230137387355,136.19608552871446,0,0,1,11.3,0,0
509,900.0082337045562,6.803514395973416,0.4703513353605515,155.06614225917096,0,0,1,12.7,0,0
510,500.00457429876525,6.2166152313800405,0.6619459337717579,97.42729871726938,0,0,1,10.0,0,0
511,2100.0192120445313,7.650177845041427,0.4206830356617162,250.46039801047917,0,0,1,40.5,0,0
512,1000.0091485975304,6.908763918731529,0.41534909015162136,173.9403288722869,0,0,1,13.3,0,0
513,2500.022871462187,7.8244550757627085,0.3223770210921294,312.1726736468751,0,0,1,42.5,0,0
514,700.0064040214352,6.552517022544124,0.4672405974989973,137.20996491666105,0,0,1,11.3,0,0
515,600.0054891601003,6.39860406787137,0.5478219613703194,117.31750670415268,0,0,1,10.7,0,0
516,500.0045743027202,6.216615231387935,0.4727762603696996,115.28268694569994,0,0,1,10.0,0,0
517,2300.021041680194,7.741108234574256,0.4570412584294049,251.47402509572592,0,0,1,41.5,0,0
518,500.00457429876525,6.2166152313800405,0.46454107605414685,116.30003889356759,0,0,1,10.0,0,0
519,1100.0100634034968,7.003983276920233,0.4568540394118665,173.94603213837962,0,0,1,14.0,0,0
520,700.0064040214352,6.552517022544124,0.4742239866961517,136.19594581341298,0,0,1,11.3,0,0
521,900.0082337520151,6.803514396026089,0.30743354212613394,191.80174272448787,0,0,1,12.7,0,0
522,600.0054891601002,6.398604067871369,0.7943293149127326,97.42765475625008,0,0,1,10.7,0,0
523,600.0054891601003,6.39860406787137,0.4064948553015691,136.1930723272332,0,0,1,10.7,0,0
524,1300.0118931380316,7.170897620006488,0.5528096282104228,171.90590518268976,0,0,1,15.3,0,0
525,800.0073188788153,6.685870084203663,0.5501707795471047,135.1771082965534,0,0,1,12.0,0,0
526,2900.0265308640232,7.972819929499793,0.3345726849244481,330.03551508042074,0,0,1,44.5,0,0
527,1000.0091485658913,6.908763918699921,0.41052187044837685,174.9599996205947,0,0,1,13.3,0,0
528,1200.0109782727418,7.0909189629813705,0.40559670855172997,192.81922395315223,0,0,1,14.7,0,0
529,2400.0219566048067,7.783649740954453,0.476904083718141,251.47627504101658,0,0,1,42.0,0,0
530,600.0054891601002,6.398604067871369,0.406492215006949,136.19351463490722,0,0,1,10.7,0,0
531,500.0045742987652,6.2166152313800405,0.6619234841500121,97.42895086250326,0,0,1,10.0,0,0
532,600.0054891165963,6.398604067798984,0.418919949034465,134.15813823286726,0,0,1,10.7,0,0
533,1400.0128080349602,7.2449506883615715,0.23187916588304788,275.4482843648972,0,0,1,16.0,0,0
534,800.0073188669506,6.685870084188851,0.5419630542501195,136.19685253638028,0,0,1,12.0,0,0
535,800.0073188392663,6.685870084154289,0.5501826136491679,135.1756544956377,0,0,1,12.0,0,0
536,600.0054891640552,6.39860406787795,0.5575049927524935,116.29422885915673,0,0,1,10.7,0,0
537,500.00457429481037,6.216615231372146,0.46451765337628886,116.30297099266046,0,0,1,10.0,0,0
538,700.006403989796,6.55251702249899,0.4887385641204369,134.15832714746455,0,0,1,11.3,0,0
539,1100.0100634074518,7.003983276923825,0.4569267770712921,173.93218645110016,0,0,1,14.0,0,0
540,900.0082337085112,6.803514395977805,0.6189378715652345,135.17757298963107,0,0,1,12.7,0,0
541,5200.047572579811,8.556615340545278,0.15944801969210046,640.1754648750901,0,0,1,56.0,0,0
542,600.0054891205513,6.3986040678055645,0.4126280910105555,135.1771072520414,0,0,1,10.7,0,0
543,2100.0192120128922,7.650177845026368,0.27435511046784145,310.14161125079994,0,0,1,40.5,0,0
544,700.0064040095705,6.552517022527199,0.36579965056133734,155.07232398188646,0,0,1,11.3,0,0
545,5000.045743003472,8.517402318148413,0.5804116146483774,329.0211935681686,0,0,1,55.0,0,0
546,500.0045742671261,6.216615231316889,0.4645019466132942,116.3049373189384,0,0,1,10.0,0,0
547,10400.095145404823,9.249666382028323,0.44199665035300073,543.7685669782252,0,0,1,70.2,0,1
548,600.0054891601002,6.398604067871369,0.7943626957162427,97.42560767650656,0,0,1,10.7,0,0
549,500.004574306675,6.216615231395828,0.4812286831069484,114.26577465060583,0,0,1,10.0,0,0
550,9900.090571019051,9.200400188744451,0.23120595155132323,733.5420443184897,0,0,1,79.5,0,0
551,600.0054890651826,6.398604067713438,0.39458698302986395,138.232819598049,0,0,1,10.7,0,0
552,500.0045742987652,6.2166152313800405,0.4486692944124366,118.33923198324712,0,0,1,10.0,0,0
553,500.00457429876525,6.2166152313800405,0.4564870128618505,117.32152719090007,0,0,1,10.0,0,0
554,1000.0091485975305,6.908763918731529,0.6774991384052369,136.19229708850742,0,0,1,13.3,0,0
555,1200.010978304381,7.090918963007715,0.33649060849047097,211.695227773207,0,0,1,14.7,0,0
556,500.0045742710809,6.216615231324782,0.48124040157758224,114.26438342058194,0,0,1,10.0,0,0
557,500.0045743027201,6.216615231387934,0.4645224035834056,116.30237633484204,0,0,1,10.0,0,0
558,700.0064040253901,6.5525170225497655,0.37065703531747196,154.05287749033252,0,0,1,11.3,0,0
559,900.0082337124661,6.803514395982194,0.3737928516496162,173.9452915182907,0,0,1,12.7,0,0
560,700.0064040214352,6.552517022544124,0.3518069991526933,158.12615140919036,0,0,1,11.3,0,0
561,800.0073188748604,6.685870084198726,0.5419540331726423,136.19798606238126,0,0,1,12.0,0,0
562,800.0073188432212,6.685870084159227,0.42360540121072887,154.0533573766106,0,0,1,12.0,0,0
563,600.0054891561454,6.398604067864789,0.39458769025825796,138.2326957295756,0,0,1,10.7,0,0
564,1300.0118931775805,7.170897620036886,0.2137347089564908,276.4655789738358,0,0,1,15.3,0,0
565,600.0054891640551,6.398604067877949,0.5477855111887497,117.3214098502043,0,0,1,10.7,0,0
566,2300.021041727652,7.741108234594881,0.3954179297497481,270.3601368535178,0,0,1,41.5,0,0
567,1800.0164674367966,7.496106488630432,0.316576343304128,267.30306708610146,0,0,1,18.7,0,0
568,500.00457429876525,6.2166152313800405,0.6619218817394198,97.4290687926493,0,0,1,10.0,0,0
569,700.0064040253901,6.5525170225497655,0.36580575474415855,155.07103013608057,0,0,1,11.3,0,0
570,1600.01463775763,7.3783928558391345,0.3128393788204829,253.5164836833911,0,0,1,17.3,0,0
571,900.0082337322406,6.803514396004141,0.609696950763363,136.19813534632792,0,0,1,12.7,0,0
572,700.0064040135254,6.55251702253284,0.6503300687943628,116.3024922394934,0,0,1,11.3,0,0
573,900.0082337203759,6.803514395990973,0.30418868475706545,192.8220277953066,0,0,1,12.7,0,0
574,700.0064040214354,6.552517022544124,0.36579694699190773,155.07289704432554,0,0,1,11.3,0,0
575,500.00457429481037,6.216615231372146,0.4644998543212694,116.30519926370296,0,0,1,10.0,0,0
576,500.0045743027202,6.216615231387935,0.46449546500085487,116.30574878514345,0,0,1,10.0,0,0
577,800.0073188788153,6.685870084203663,0.4126273738206973,156.08921417507227,0,0,1,12.0,0,0
578,800.0073188788153,6.685870084203663,0.5419474745883746,136.1988101861875,0,0,1,12.0,0,0
579,1000.0091486054404,6.908763918739431,0.5225615830536874,155.07371075688457,0,0,1,13.3,0,0
580,1300.0118931419863,7.170897620009527,0.2583108598649025,251.48220650407188,0,0,1,15.3,0,0
581,3600.032934909188,8.188976009652368,0.334434726046243,367.7921756804029,0,0,1,48.0,0,0
582,600.0054891561454,6.398604067864789,0.8111856268877481,96.41007491158346,0,0,1,10.7,0,0
583,500.00457426712603,6.216615231316889,0.6759735076887046,96.41110997703493,0,0,1,10.0,0,0
584,500.00457426712603,6.216615231316889,0.6619027842923926,97.4304743079476,0,0,1,10.0,0,0
585,800.00731889068,6.685870084218475,0.5585476921254434,134.15960819004005,0,0,1,12.0,0,0
586,700.0064039858412,6.552517022493348,0.380658755890069,152.01555403268986,0,0,1,11.3,0,0
587,2600.0237863274765,7.863660410476992,0.2683832898841318,348.9119600116005,0,0,1,43.0,0,0
588,900.0082337361955,6.803514396008531,0.609710381373253,136.19663526219935,0,0,1,12.7,0,0
589,1200.0109783202004,7.090918963020886,0.33649177493509724,211.69486085482416,0,0,1,14.7,0,0
590,1100.0100634628204,7.003983276974115,0.5748414335017277,155.07051503509132,0,0,1,14.0,0,0
591,700.0064040214352,6.552517022544124,0.4742177676620534,136.19683886773512,0,0,1,11.3,0,0
592,800.0073188827703,6.6858700842086005,0.5501664539395681,135.1776397014878,0,0,1,12.0,0,0
593,1000.0091485896207,6.9087639187236265,0.275090934606659,213.73162080645096,0,0,1,13.3,0,0
594,500.0045743027202,6.216615231387935,0.6619236991004047,97.42893504354795,0,0,1,10.0,0,0
595,500.00457430667507,6.216615231395828,0.4727580766112148,115.2849039917059,0,0,1,10.0,0,0
596,1600.0146377339013,7.3783928558243135,0.2750755357608927,270.35905898831334,0,0,1,17.3,0,0
597,500.00457426317115,6.216615231308995,0.6759923116425663,96.40976904226721,0,0,1,10.0,0,0
598,600.0054891284611,6.3986040678187255,0.557378091499366,116.30746676700338,0,0,1,10.7,0,0
599,500.00457429481037,6.216615231372146,0.6759915239134004,96.40982521818518,0,0,1,10.0,0,0
600,700.0064040174803,6.552517022538482,0.650301076625481,116.30508474968914,0,0,1,11.3,0,0
601,800.0073188550859,6.685870084174039,0.3361727290906397,172.93013167968186,0,0,1,12.0,0,0
602,600.0054891561454,6.398604067864789,0.5574104103807715,116.3040949437907,0,0,1,10.7,0,0
603,1300.0118931775808,7.170897620036887,0.25417400470456,253.52046861016746,0,0,1,15.3,0,0
604,600.005489132416,6.398604067825306,0.5573970618411769,116.30548755783924,0,0,1,10.7,0,0
605,600.0054891284611,6.3986040678187255,0.557408988603735,116.30424326880714,0,0,1,10.7,0,0
606,700.0064040135255,6.55251702253284,0.36103174422201195,156.0929339735083,0,0,1,11.3,0,0
607,1400.0128080428708,7.244950688367218,0.46820978105669586,193.8432557149125,0,0,1,16.0,0,0
608,800.0073188471761,6.685870084164164,0.3322336972902687,173.9522587684583,0,0,1,12.0,0,0
609,700.0064040253902,6.5525170225497655,0.3610318537830297,156.09291029035313,0,0,1,11.3,0,0
610,1200.0109783202006,7.090918963020886,0.32389401179490984,215.7724944232296,0,0,1,14.7,0,0
611,500.004574306675,6.216615231395828,0.6759242480365206,96.41462301595071,0,0,1,10.0,0,0
612,1100.0100634588655,7.003983276970522,0.4412092834206093,177.00312759033184,0,0,1,14.0,0,0
613,1400.0128080428703,7.244950688367218,0.26937662415316765,255.55888428727056,0,0,1,16.0,0,0
614,1000.009148538207,6.908763918672265,0.26991174660681694,215.7724663924979,0,0,1,13.3,0,0
615,700.0064040016607,6.552517022515915,0.6617834102890814,115.29168874704473,0,0,1,11.3,0,0
616,500.00457425526133,6.216615231293207,0.4564760472914831,117.32293633940188,0,0,1,10.0,0,0
617,1300.0118931815357,7.170897620039926,0.25620964282909425,252.5113241061061,0,0,1,15.3,0,0
618,800.0073188788153,6.685870084203663,0.7431747028494361,116.30716048305501,0,0,1,12.0,0,0
619,900.0082337045562,6.803514395973416,0.3009785498704143,193.84758757502962,0,0,1,12.7,0,0
620,800.0073188867251,6.685870084213538,0.3322361865518304,173.9516071076175,0,0,1,12.0,0,0
621,1000.0091485421618,6.9087639186762155,0.6876227345715352,135.18602709876237,0,0,1,13.3,0,0
622,1900.0173823258156,7.550144486226643,0.25315717066227816,307.1062128499489,0,0,1,19.3,0,0
623,1100.0100634588655,7.003983276970522,0.5823959704747877,154.06148525451533,0,0,1,14.0,0,0
624,700.0064040253902,6.5525170225497655,0.4813464405125262,135.18454893900486,0,0,1,11.3,0,0
625,900.0082337441053,6.8035143960173095,0.46422038970317264,156.08676059086432,0,0,1,12.7,0,0
626,1400.0128080310058,7.244950688358749,0.32798757833468456,231.6019642047612,0,0,1,16.0,0,0
627,800.0073188827703,6.6858700842086005,0.33613381478059146,172.94014147893455,0,0,1,12.0,0,0
628,2400.021956596897,7.783649740951159,0.15346362938789807,443.3123262324821,0,0,1,42.0,0,0
629,2500.022871466142,7.8244550757642894,0.19005398367817683,406.5729064077214,0,0,1,42.5,0,0
630,800.0073188590408,6.685870084178976,0.42919412154107034,153.04707348408493,0,0,1,12.0,0,0
631,10100.092400793132,9.220398855475013,0.0550715527570511,1518.1124594907087,0,0,1,70.1,0,0
632,600.0054891601002,6.398604067871369,0.7942478531353911,97.43265094628904,0,0,1,10.7,0,0
633,1100.010063435136,7.003983276948969,0.5823800200701144,154.06359498028615,0,0,1,14.0,0,0
634,1300.0118931459415,7.170897620012568,0.37158110094690433,209.677478911866,0,0,1,15.3,0,0
635,900.0082337480602,6.803514396021699,0.31066817793743584,190.80062288701578,0,0,1,12.7,0,0
636,1100.0100634074518,7.003983276923825,0.36785453116386946,193.84973255946912,0,0,1,14.0,0,0
637,500.00457426317115,6.216615231308995,0.6759160122801874,96.41521039606808,0,0,1,10.0,0,0
638,600.005489128461,6.3986040678187255,0.40644694567906214,136.2010989141761,0,0,1,10.7,0,0
639,500.00457429481037,6.216615231372146,0.6759179180242586,96.41507447814338,0,0,1,10.0,0,0
640,600.0054891601002,6.398604067871369,0.4004511981154553,137.21694472865414,0,0,1,10.7,0,0
641,1900.0173823179064,7.550144486222483,0.2498248557055049,309.1476122084974,0,0,1,19.3,0,0
642,1200.0109782727413,7.0909189629813705,0.48688419761181495,175.98866707439228,0,0,1,14.7,0,0
643,500.00457426712603,6.216615231316889,0.661867543571444,97.4330680855755,0,0,1,10.0,0,0
644,600.005489164055,6.398604067877949,0.41883847773588245,134.17118563812573,0,0,1,10.7,0,0
645,1100.0100634549108,7.00398327696693,0.3084015195836126,211.71177169606602,0,0,1,14.0,0,0
646,2000.018297195061,7.601411478567445,0.6688293946756068,193.84930152497319,0,0,1,40.0,0,0
647,1100.0100634430457,7.003983276956154,0.37568580087124187,191.8186678732534,0,0,1,14.0,0,0
648,6600.0603806464105,8.794985578843786,0.2183931470559812,616.253477620547,0,0,1,63.0,0,0
649,3400.031105237932,8.131833930874791,0.25213019011596477,411.6555276886754,0,0,1,47.0,0,0
650,700.0064040214352,6.552517022544124,0.3657776018300434,155.07699772000316,0,0,1,11.3,0,0
651,2000.0182971436473,7.601411478541751,0.34123965553683827,271.38895514408466,0,0,1,40.0,0,0
652,9500.086911605353,9.159161482792038,0.1400193177460943,923.3678362072362,0,0,1,77.5,0,0
653,900.0082336926915,6.8035143959602475,0.8360217321362451,116.31062510711827,0,0,1,12.7,0,0
654,3500.032020103221,8.160813066900623,0.29414925868773645,386.6847650236576,0,0,1,47.5,0,0
655,51800.47389681108,10.85517388144917,0.1246324903170004,2285.368105178538,0,0,1,90.2,0,1
656,500.00457429481025,6.216615231372146,0.675935685887444,96.4138072709623,0,0,1,10.0,0,0
657,2200.020126878182,7.696676225909087,0.25693865267480925,328.022427145739,0,0,1,41.0,0,0
658,900.0082337124661,6.803514395982194,0.3781704792876981,172.93558259673233,0,0,1,12.7,0,0
659,1300.0118931815352,7.170897620039926,0.29414818063484693,235.66522997319726,0,0,1,15.3,0,0
660,1500.0137228607018,7.313895974070485,0.2956270547646153,252.51109185439756,0,0,1,16.7,0,0
661,600.0054891561454,6.398604067864789,0.5477487773573112,117.32534376295034,0,0,1,10.7,0,0
662,500.0045742987652,6.2166152313800405,0.6618565952749481,97.43387394427266,0,0,1,10.0,0,0
663,500.0045743027202,6.216615231387935,0.4727103790329759,115.29072010220085,0,0,1,10.0,0,0
664,2800.0256159829137,7.937740920517439,0.4671725173728428,274.4399244364359,0,0,1,44.0,0,0
665,2600.0237863156117,7.863660410472431,0.33963585116710393,310.1607434705098,0,0,1,43.0,0,0
666,600.0054891601002,6.398604067871369,0.5477821442245105,117.32177040956628,0,0,1,10.7,0,0
667,800.0073188709056,6.685870084193788,0.4291627135336967,153.05267371039855,0,0,1,12.0,0,0
668,500.00457429481037,6.216615231372146,0.661865495380155,97.43321884504164,0,0,1,10.0,0,0
669,2000.0182971673764,7.60141147855361,0.30249962724650553,288.24348137343856,0,0,1,40.0,0,0
670,2500.0228714977807,7.82445507577694,0.575536818697274,233.63632534135354,0,0,1,42.5,0,0
671,600.0054891561454,6.398604067864789,0.40646134023008845,136.1986871614729,0,0,1,10.7,0,0
672,1500.0137228883862,7.313895974088929,0.3514067265547152,231.60477708477703,0,0,1,16.7,0,0
673,4600.042083554177,8.43403809672398,0.1592645756620486,602.4572568740824,0,0,1,53.0,0,0
674,1400.0128080389159,7.244950688364395,0.4633006924980994,194.86752164261753,0,0,1,16.0,0,0
675,1500.0137228132426,7.313895974038867,0.4165364884858047,212.72866878189538,0,0,1,16.7,0,0
676,900.0082337085112,6.803514395977805,0.30096865570715564,193.85077386060468,0,0,1,12.7,0,0
677,4400.040253780093,8.389596213276896,0.3678478953175892,387.702962090587,0,0,1,52.0,0,0
678,800.0073187838979,6.685870084085166,0.32458868901165133,175.9888774538424,0,0,1,12.0,0,0
679,3200.029275511307,8.071227685667282,0.24084990645665144,408.6096949345052,0,0,1,46.0,0,0
680,1200.010978260877,7.090918962971492,0.6270117004696946,155.08140217270005,0,0,1,14.7,0,0
681,800.0073188788153,6.685870084203663,0.5339220221130021,137.2186034751731,0,0,1,12.0,0,0
682,600.0054891561454,6.398604067864789,0.5573363679975011,116.31182021247858,0,0,1,10.7,0,0
683,19000.173823143465,9.852256036405707,0.17149933959578573,1179.9198110340674,0,0,1,74.5,0,0
684,700.0064040174803,6.552517022538482,0.6390192219060229,117.32727325450986,0,0,1,11.3,0,0
685,800.0073188867253,6.685870084213539,0.42352748241771626,154.06752777129395,0,0,1,12.0,0,0
686,700.0064039977058,6.552517022510274,0.6617149277239217,115.2976545077939,0,0,1,11.3,0,0
687,3500.0320200913566,8.160813066897234,0.5971284202092402,271.3982668037376,0,0,1,47.5,0,0
688,1900.0173823337261,7.550144486230805,0.44509445342692555,231.61017136902538,0,0,1,19.3,0,0
689,600.0054891601003,6.39860406787137,0.4004237209341926,137.22165257934753,0,0,1,10.7,0,0
690,500.00457429876525,6.2166152313800405,0.6618654120526867,97.43322497874581,0,0,1,10.0,0,0
691,700.0064040214352,6.552517022544124,0.6390354547180368,117.32578306861467,0,0,1,11.3,0,0
692,1500.013722769739,7.313895974009884,0.1921502564466001,313.20743571513646,0,0,1,16.7,0,0
693,900.0082337361955,6.803514396008531,0.6188060225517947,135.19197336897005,0,0,1,12.7,0,0
694,4300.039338887118,8.366611979193225,0.5653766578078812,309.1521059585666,0,0,1,51.5,0,0
695,2100.0192119496137,7.65017784499625,0.23928317272332195,332.09358517027636,0,0,1,40.5,0,0
696,1000.0091485975305,6.908763918731529,0.2724648290182164,214.75915861816716,0,0,1,13.3,0,0
697,500.00457426712603,6.216615231316889,0.4644306547612071,116.31386359902997,0,0,1,10.0,0,0
698,1800.016467480301,7.496106488654588,0.2335879393494724,311.1845047515001,0,0,1,18.7,0,0
699,500.0045742987652,6.2166152313800405,0.44865763559624705,118.34076955475061,0,1,0,10.0,0,0
700,3300.030190333091,8.101989877625696,0.23018562091216105,424.4482947123684,0,1,0,46.5,0,0
701,700.0064039700216,6.552517022470782,0.36099895024145146,156.10002372943237,0,0,1,11.3,0,0
702,4000.0365942635653,8.294308755094729,0.5224911230577137,310.16833310633666,0,0,1,50.0,0,0
703,600.0054891640551,6.398604067877949,0.5573035036568821,116.31524963267329,0,0,1,10.7,0,0
704,1100.0100634588655,7.003983276970522,0.756322797338333,135.1915867942903,0,1,0,14.0,0,0
705,1000.0091486093951,6.908763918743381,0.529400567660961,154.0688061353779,0,1,0,13.3,0,0
706,1200.010978260877,7.090918962971492,0.24229721650180225,249.47287332908186,0,1,0,14.7,0,0
707,700.0064040095707,6.552517022527199,0.3705830558495432,154.06825350350033,0,1,0,11.3,0,0
708,800.0073188432212,6.685870084159227,0.5500397393305845,135.19320947804644,0,0,1,12.0,0,0
709,3300.0301903449576,8.101989877629292,0.3405843737425401,348.9406207809307,0,1,0,46.5,0,1
710,1200.0109783162457,7.090918963017594,0.6188644195199849,156.09887905118973,0,1,0,14.7,0,0
711,700.0064040056155,6.552517022521557,0.48859864435584394,134.177535202536,0,1,0,11.3,0,0
712,700.0064040214353,6.552517022544124,0.48859916821704236,134.17746327349252,0,1,0,11.3,0,0
713,800.0073188788153,6.685870084203663,0.5339055541762057,137.22071966393267,0,1,0,12.0,0,0
714,500.00457426712603,6.216615231316889,0.46444468702632924,116.31210649065389,0,1,0,10.0,0,0
715,600.0054891561454,6.398604067864789,0.811000246943556,96.42109307906168,0,1,0,10.7,0,0
716,700.0064040253901,6.5525170225497655,0.6502490761354689,116.30973512257395,0,0,1,11.3,0,0
717,500.00457429085543,6.216615231364252,0.47266966953305967,115.29568480114034,0,0,1,10.0,0,0
718,1500.013722848837,7.31389597406258,0.3423312542854691,234.6547081834453,0,1,0,16.7,0,0
719,800.0073188471761,6.685870084164164,0.5583828133308956,134.17941399102008,0,0,1,12.0,0,0
720,900.0082337361955,6.803514396008531,0.36939805832923045,174.97696088666837,0,1,0,12.7,0,0
721,600.0054891561454,6.398604067864789,0.5477101062129826,117.32948557553303,0,0,1,10.7,0,0
722,8000.073188626003,8.987330960243108,0.19348629735754289,720.8199618553228,0,1,0,70.0,0,0
723,500.0045743027202,6.216615231387935,0.4726329119040548,115.30016810604565,0,1,0,10.0,0,0
724,600.0054891601003,6.39860406787137,0.5671600414393274,115.3001124891502,0,1,0,10.7,0,0
725,6300.057636054495,8.748472777028374,0.2518571653986965,560.6606003690783,0,1,0,61.5,0,0
726,600.00548916801,6.39860406788453,0.41879114811372486,134.17876709311955,0,1,0,10.7,0,0
727,1300.0118931894456,7.170897620046006,0.360964357300815,212.73866741142317,0,0,1,15.3,0,0
728,700.0064040135255,6.55251702253284,0.6501799835106591,116.31591489612111,0,0,1,11.3,0,0
729,2300.021041779066,7.741108234617225,0.4569471390876325,251.49992235382987,0,0,1,41.5,0,0
730,500.00457429876525,6.2166152313800405,0.4726095638537433,115.30301612336618,0,0,1,10.0,0,0
731,1100.0100634588653,7.003983276970522,0.3025452744269872,213.75096015243028,0,1,0,14.0,0,0
732,500.00457429481037,6.216615231372146,0.6758643353943001,96.41889630346981,0,0,1,10.0,0,0
733,800.0073188353114,6.685870084149352,0.5500150736392868,135.19624084573994,0,0,1,12.0,0,0
734,2700.0247011690376,7.901386498944815,0.17663993908197362,438.27262757687436,0,0,1,43.5,0,0
735,600.0054891245061,6.398604067812145,0.8110358312681278,96.41897780801038,0,0,1,10.7,0,0
736,4200.0384239981,8.343087017520817,0.4874351311860714,329.0585277040609,0,0,1,51.0,0,0
737,500.004574306675,6.216615231395828,0.4810406865054464,114.2881007027454,0,0,1,10.0,0,0
738,600.005489132416,6.398604067825306,0.5573010919321153,116.31550130690349,0,1,0,10.7,0,0
739,1800.0164674367973,7.496106488630433,0.36048295657841245,250.49600441753694,0,1,0,18.7,0,0
740,2100.01921206826,7.6501778450527205,0.41383529399582936,252.52408292159302,0,0,1,40.5,0,0
741,1100.0100634667751,7.003983276977706,0.3716907970759309,192.84676458338174,0,0,1,14.0,0,0
742,800.0073188313565,6.6858700841444145,0.5418646307198527,136.20922127419243,0,0,1,12.0,0,0
743,1100.0100634549108,7.00398327696693,0.4567674703780917,173.96251495644876,0,0,1,14.0,0,0
744,1200.0109783202006,7.090918963020886,0.33321436159505774,212.73340231680436,0,0,1,14.7,0,0
745,500.0045742987652,6.2166152313800405,0.661852281242677,97.43419148657286,0,0,1,10.0,0,0
746,900.0082337480602,6.803514396021699,0.6187815486296587,135.19464688616236,0,1,0,12.7,0,0
747,1300.0118931854904,7.170897620042966,0.5335536665878635,174.98045455556462,0,1,0,15.3,0,0
748,1200.0109783202004,7.090918963020886,0.3269524006849378,214.7609301844739,0,0,1,14.7,0,0
749,900.0082336887366,6.803514395955858,0.47026366837373124,155.0805953708837,0,0,1,12.7,0,0
750,1000.009148569846,6.908763918703872,0.2830324438060963,210.71177617768208,0,1,0,13.3,0,0
751,500.0045743027202,6.216615231387935,0.464399171286769,116.31780622701096,0,0,1,10.0,0,0
752,1000.0091485382068,6.908763918672265,0.522476083326425,155.08639862200224,0,1,0,13.3,0,0
753,1100.0100634588655,7.003983276970522,0.4567298704616841,173.96967547091748,0,0,1,14.0,0,0
754,700.0064040135255,6.55251702253284,0.3705512117722451,154.07487344716765,0,1,0,11.3,0,0
755,800.0073188827703,6.6858700842086005,0.5499990623762259,135.1982087138532,0,0,1,12.0,0,0
756,1600.0146377655406,7.3783928558440754,0.3715243603968565,232.63403971962413,0,0,1,17.3,0,0
757,1000.0091485540266,6.908763918688068,0.5224726139016506,155.08691353988297,0,1,0,13.3,0,0
758,900.0082336926915,6.8035143959602475,0.36937389841385504,174.98268321347217,0,0,1,12.7,0,0
759,5900.0539767475775,8.682886254066272,0.3410233573363459,466.2736373674837,0,1,0,59.5,0,1
760,1800.0164674803011,7.496106488654588,0.30255764562251763,273.42555677509705,0,0,1,18.7,0,0
761,1000.0091485421618,6.9087639186762155,0.2776853025166281,212.7308481895,0,0,1,13.3,0,0
762,1900.0173823416355,7.550144486234966,0.24498331392943928,312.1874688068976,0,0,1,19.3,0,0
763,900.0082337441053,6.8035143960173095,0.3737205161224311,173.9621247095616,0,0,1,12.7,0,0
764,700.0064040135255,6.55251702253284,0.48123879909188744,135.1996668411878,0,0,1,11.3,0,0
765,500.00457429876525,6.2166152313800405,0.4564108424570963,117.33131667721617,0,0,1,10.0,0,0
766,800.0073188194917,6.685870084129602,0.3360651121955973,172.95781784962102,0,0,1,12.0,0,0
767,1400.0128080428708,7.244950688367218,0.3850817869939141,213.74425330204193,0,0,1,16.0,0,0
768,8500.07776295245,9.047948230081985,0.14785414035976563,849.9622473699425,0,0,1,72.5,0,0
769,2100.0192120128922,7.650177845026368,0.4919306079619262,231.61391274377453,0,0,1,40.5,0,0
770,1100.0100634707303,7.003983276981298,0.5822523378854115,154.0804863688714,0,0,1,14.0,0,0
771,800.0073188867251,6.685870084213538,0.3283666780535903,174.9735375793847,0,0,1,12.0,0,0
772,1300.0118931459415,7.170897620012568,0.4392495147859944,192.85146819191942,0,0,1,15.3,0,0
773,29100.26622380212,10.278536965058361,0.14801659251211988,1571.8033571646952,0,1,0,79.6,0,1
774,700.0064040214354,6.552517022544124,0.46714630362547954,137.2238121912228,0,0,1,11.3,0,0
775,24200.221395802368,10.09415838177209,0.08277690286001095,1916.7259164291788,0,0,1,77.1,0,0
776,4700.042998415512,8.45553967763525,0.32468904909752766,426.5029377463124,0,0,1,53.5,0,0
777,500.00457429876525,6.2166152313800405,0.6618163818252554,97.43683404980851,0,1,0,10.0,0,0
778,600.0054891601003,6.39860406787137,0.547695277473651,117.33107390126477,0,0,1,10.7,0,0
779,20000.1829716698,9.903546699370409,0.17634098049758543,1193.8377041713431,0,1,0,75.0,0,1
780,1300.0118931775805,7.170897620036886,0.5335256518783724,174.98504848808471,0,0,1,15.3,0,0
781,1400.0128080389156,7.244950688364394,0.2736834642862631,253.5400999376253,0,1,0,16.0,0,0
782,800.0073188788153,6.685870084203663,0.4125616521917041,156.1016462914071,0,1,0,12.0,0,0
783,500.00457429876525,6.2166152313800405,0.4643876978695227,116.31924312344455,0,0,1,10.0,0,0
784,1400.0128079123585,7.244950688274062,0.31949803651247727,234.65879686993136,0,1,0,16.0,0,0
785,700.0064039858411,6.552517022493348,0.6616630638834095,115.30217316768507,0,0,1,11.3,0,0
786,700.0064039779313,6.552517022482065,0.6501412043476389,116.31938380617504,0,0,1,11.3,0,0
787,1500.0137229042057,7.313895974099468,0.4164601187908204,212.74817279136226,0,0,1,16.7,0,0
788,800.0073188788153,6.685870084203663,0.7430018224322026,116.32069077351422,0,0,1,12.0,0,0
789,600.0054891601003,6.39860406787137,0.5476718407917975,117.33358436595144,0,0,1,10.7,0,0
790,26200.23969296581,10.17356200515521,0.1852638676558689,1333.0983812780444,0,1,0,78.1,0,1
791,8800.080507568096,9.082629777879763,0.6108328608493315,425.4877473403716,0,1,0,74.0,0,1
792,1000.0091486014854,6.908763918735479,0.41518711109789436,173.97425567536024,0,0,1,13.3,0,0
793,600.0054891561454,6.398604067864789,0.547683908186392,117.33229172354987,0,0,1,10.7,0,0
794,10100.092400583526,9.220398855454262,0.15995632471910107,890.7726969887273,0,0,1,70.1,0,0
795,2000.0182971357376,7.601411478537798,0.4643742724127728,232.64184910777823,0,0,1,40.0,0,0
796,3400.0311051311487,8.131833930843394,0.2144098108870279,446.3998605142265,0,0,1,47.0,0,0
797,1200.0109783202004,7.090918963020886,0.8250572058211538,135.19340637215961,0,0,1,14.7,0,0
798,800.0073188748604,6.685870084198726,0.756117954411376,115.30738861797329,0,0,1,12.0,0,0
799,900.0082337322406,6.803514396004141,0.3693694199554549,174.98374401207923,0,1,0,12.7,0,0
800,500.00457429481037,6.216615231372146,0.47262029989637866,115.30170650382753,0,0,1,10.0,0,0
801,1400.0128080428706,7.244950688367218,0.3886976829963973,212.74774255067803,0,0,1,16.0,0,0
802,600.0054891601002,6.398604067871369,0.7941314088858566,97.43979400594125,0,0,1,10.7,0,0
803,600.0054891601002,6.398604067871369,0.5572726821929689,116.31846615161291,0,1,0,10.7,0,0
804,500.0045742908554,6.216615231364252,0.4726207089286713,115.3016566091004,0,0,1,10.0,0,0
805,1200.0109783162457,7.090918963017594,0.3970656313924657,194.8796059381235,0,0,1,14.7,0,0
806,1200.0109783241555,7.09091896302418,0.40121888999038235,193.86832389279422,0,0,1,14.7,0,0
807,1200.0109783202004,7.090918963020886,0.405440442928369,192.85637875247716,0,0,1,14.7,0,0
808,1000.009148573801,6.908763918707823,0.5224254943657034,155.09390732206853,0,0,1,13.3,0,0
809,600.0054891521904,6.398604067858209,0.425135663376032,133.17379465015458,0,1,0,10.7,0,0
810,2600.0237862997924,7.863660410466348,0.29443309994401984,333.11966941737074,0,0,1,43.0,0,0
811,800.0073188748604,6.685870084198726,0.33214994815811066,173.97418777157836,0,0,1,12.0,0,0
812,1500.0137229042057,7.313895974099468,0.2955715917314208,252.53478218304932,0,0,1,16.7,0,0
813,900.0082336887366,6.803514395955858,0.29783362042247286,194.8683522611207,0,0,1,12.7,0,0
814,1700.0155526268754,7.438980735579739,0.4675725332948062,213.7503741480548,0,0,1,18.0,0,0
815,1300.0118931103473,7.170897619985209,0.6704240228584161,156.10032630535255,0,0,1,15.3,0,0
816,500.0045743027202,6.216615231387935,0.4644047073353377,116.31711292768219,0,1,0,10.0,0,0
817,1700.0155525794164,7.438980735551839,0.2535295583095422,290.279976581612,0,0,1,18.0,0,0
818,800.0073188788153,6.685870084203663,0.5418562759344041,136.21027136705118,0,1,0,12.0,0,0
819,5800.053061834828,8.66579474243937,0.4430801315140665,405.5830318793389,0,0,1,59.0,0,0
820,1100.010063443046,7.003983276956154,0.5747215989947402,155.08668097402548,0,0,1,14.0,0,0
821,500.0045742710809,6.216615231324782,0.6617923535170935,97.43860289576224,0,1,0,10.0,0,0
822,14400.131739609064,9.57506207550423,0.16300922449036234,1053.6153131487372,0,0,1,72.2,0,0
823,900.0082336887366,6.803514395955858,0.29472377997051996,195.89375179650278,0,0,1,12.7,0,0
824,500.00457429876525,6.2166152313800405,0.6757260862306618,96.42875913904061,0,0,1,10.0,0,0
825,800.0073188867251,6.685870084213538,0.33214116751513983,173.97648739014326,0,0,1,12.0,0,0
826,2200.020126921686,7.696676225928853,0.5063968805419462,233.6537460026411,0,0,1,41.0,0,0
827,1200.0109783202006,7.090918963020886,0.27863260655305006,232.63849132718173,0,1,0,14.7,0,0
828,4400.040253752409,8.389596213270606,0.17715330381758446,558.6742167288195,0,0,1,52.0,0,0
829,4600.042083506718,8.434038096713664,0.3496230398139829,406.6172624919305,0,0,1,53.0,0,0
830,500.00457428690055,6.216615231356358,0.46436241440160103,116.3224097369002,0,0,1,10.0,0,0
831,500.0045742987652,6.2166152313800405,0.6757995527564916,96.42351758595011,0,0,1,10.0,0,0
832,900.0082337361955,6.803514396008531,0.4763737806867392,154.0828306377931,0,0,1,12.7,0,0
833,500.004574306675,6.216615231395828,0.48101580099982927,114.2910570301485,0,0,1,10.0,0,0
834,500.00457425526133,6.216615231293207,0.6617604230985948,97.440953607357,0,0,1,10.0,0,0
835,500.0045742987652,6.2166152313800405,0.6617560188250292,97.44127786697862,0,0,1,10.0,0,0
836,1000.0091486014854,6.908763918735479,0.4104401068722935,174.97742560454154,0,0,1,13.3,0,0
837,500.00457426712603,6.216615231316889,0.4564182132612514,117.33036926428258,0,1,0,10.0,0,0
838,12400.113442469377,9.42554154130944,0.15009677919043077,1018.9012020367231,0,0,1,71.2,0,0
839,7200.065869897474,8.88198433153344,0.4581855236783258,444.3779334997141,0,0,1,66.0,0,0
840,600.0054891601002,6.398604067871369,0.7941480636583476,97.43877225308208,0,1,0,10.7,0,0
841,1800.016467480301,7.496106488654588,0.4216134679024508,231.6252672636561,0,1,0,18.7,0,0
842,600.0054891561454,6.398604067864789,0.8108606711583878,96.42939134235066,0,0,1,10.7,0,0
843,600.0054891680101,6.39860406788453,0.4187391345823321,134.1871003180615,0,1,0,10.7,0,0
844,500.0045742710809,6.216615231324782,0.45642869967978195,117.3290214283525,0,0,1,10.0,0,0
845,700.0064040253901,6.5525170225497655,0.3657366694668362,155.0856753988527,0,0,1,11.3,0,0
846,600.0054891561452,6.398604067864788,0.4004098256985189,137.2240335277856,0,1,0,10.7,0,0
847,500.00457429481037,6.216615231372146,0.46438003576254977,116.32020273229035,0,0,1,10.0,0,0
848,1000.0091485738011,6.908763918707823,0.33790462948949535,192.84565029442163,0,0,1,13.3,0,0
849,2100.0192120287115,7.650177845033897,0.276076994631333,309.1729263827572,0,1,0,40.5,0,0
850,5100.046657682882,8.537201024652882,0.23255604903581764,524.962385335847,0,0,1,55.5,0,0
851,900.0082337401504,6.80351439601292,0.4701786069832277,155.09462278353473,0,0,1,12.7,0,0
852,600.0054891521905,6.398604067858209,0.40637539085873575,136.21308957428207,0,0,1,10.7,0,0
853,900.0082337243308,6.803514395995363,0.47016876391284235,155.09624624103978,0,0,1,12.7,0,0
854,600.0054891205513,6.3986040678055645,0.4124707536027133,135.2028865195903,0,0,1,10.7,0,0
855,500.00457426712603,6.216615231316889,0.6617956729021901,97.43835853245258,0,1,0,10.0,0,0
856,4600.0420835027635,8.434038096712804,0.35312860997196477,404.59394778136834,0,0,1,53.0,0,0
857,3700.0338497547027,8.21636747845476,0.4347058007200667,327.0469195653129,0,0,1,48.5,0,0
858,700.0064040135255,6.55251702253284,0.36097876686578123,156.1043876770844,0,1,0,11.3,0,0
859,4900.044828059084,8.497203691584525,0.226045230296186,521.924020476004,0,0,1,54.5,0,0
860,6100.055806383239,8.716217118197912,0.2126049808030046,600.4614335065562,0,0,1,60.5,0,0
861,600.005489128461,6.3986040678187255,0.4251430383194656,133.17263956161688,0,0,1,10.7,0,0
862,500.00457428690055,6.216615231356358,0.48100538308739,114.29229471442957,0,0,1,10.0,0,0
863,2800.025615955229,7.937740920507554,0.5473763239810526,253.53792398571525,0,0,1,44.0,0,0
864,7300.066784636206,8.895775751341493,0.24228875095293312,615.3209800883352,0,0,1,66.5,0,0
865,700.0064040135255,6.55251702253284,0.4812360684694685,135.20005041459572,0,1,0,11.3,0,0
866,900.0082337401504,6.80351439601292,0.4641143841604893,156.10458498644434,0,1,0,12.7,0,0
867,500.004574306675,6.216615231395828,0.4809768960613072,114.29567928609396,0,1,0,10.0,0,0
868,1600.0146377615856,7.378392855841605,0.5350124078738072,193.85856017755935,0,0,1,17.3,0,0
869,500.0045743027201,6.216615231387934,0.4643792482067229,116.32030136877063,0,1,0,10.0,0,0
870,600.0054891640551,6.398604067877949,0.5572236863329175,116.32357989550302,0,0,1,10.7,0,0
871,500.00457429876525,6.2166152313800405,0.4564395917435593,117.3276215061433,0,0,1,10.0,0,0
872,17300.15827041773,9.75852873029195,0.32790972937399643,814.2407222764679,0,1,0,73.7,0,1
873,900.0082337441052,6.8035143960173095,0.6006598390125825,137.21888170760062,0,0,1,12.7,0,0
874,1400.0128080428703,7.244950688367218,0.5680060437186946,175.9926205648491,0,0,1,16.0,0,0
875,6000.054891517948,8.699690548009492,0.17732541082511483,652.0742588705023,0,0,1,60.0,0,0
876,700.0064040174803,6.552517022538482,0.6500938080445477,116.32362397312656,0,0,1,11.3,0,0
877,800.0073188788153,6.685870084203663,0.5418115210270089,136.21589689545206,0,0,1,12.0,0,0
878,1600.0146377378564,7.378392855826784,0.23859143375729022,290.2949537226783,0,1,0,17.3,0,0
879,5000.045742908555,8.517402318129433,0.5159777789225245,348.9606212453602,0,1,0,55.0,0,1
880,13600.124420761887,9.517907746303704,0.26101424894949926,809.178368804578,0,1,0,71.8,0,1
881,9300.085081918274,9.137886347810376,0.13967895745628753,914.7088909533404,0,1,0,76.5,0,0
882,5400.049402369714,8.594348547444174,0.25301287431529024,517.8839935469364,0,0,1,57.0,0,0
883,600.0054891601002,6.398604067871369,0.5572195470909984,116.32401194254729,0,0,1,10.7,0,0
884,500.00457427503585,6.216615231332677,0.472597946040329,115.30443335139267,0,0,1,10.0,0,0
885,7600.069529184619,8.936044243897525,0.1943679120393558,700.9732257516611,0,0,1,68.0,0,0
886,34200.31288163134,10.440019310665676,0.36874685120676914,1079.5824386896263,0,1,0,82.1,0,1
887,1400.0128080428703,7.244950688367218,0.45847120981082046,195.89118887216875,0,1,0,16.0,0,0
888,1100.0100633797674,7.003983276898681,0.567241320065234,156.1059050950795,0,1,0,14.0,0,0
889,600.0054891363708,6.3986040678318865,0.5572637680006879,116.3193964816671,0,1,0,10.7,0,0
890,1200.0109783122905,7.090918963014301,0.33636139900113654,211.73588405316272,0,1,0,14.7,0,0
891,1500.0137229002505,7.313895974096833,0.5015275705048461,193.8675588940427,0,1,0,16.7,0,0
892,500.00457429085543,6.216615231364252,0.47253106659653615,115.31259284163268,0,0,1,10.0,0,0
893,7500.068614350966,8.92280077128828,0.13382809755083921,839.1969526852777,0,1,0,67.5,0,0
894,800.0073188313565,6.6858700841444145,0.7429672873305414,116.32339418666703,0,0,1,12.0,0,0
895,500.00457426317115,6.216615231308995,0.46435066352544063,116.32388155456717,0,0,1,10.0,0,0
896,500.00457429876525,6.2166152313800405,0.6617745200290828,97.43991577648501,0,1,0,10.0,0,0
897,500.00457429085543,6.216615231364252,0.46435121074333,116.32381301642673,0,0,1,10.0,0,0
898,600.0054891363709,6.3986040678318865,0.5670376766807295,115.31255249742203,0,0,1,10.7,0,0
899,4500.041168621654,8.412064019801127,0.3741879937310094,388.7480747406278,0,1,0,52.5,0,1
900,800.0073188788153,6.685870084203663,0.5418432504177451,136.21190855501553,0,1,0,12.0,0,0
901,500.0045742987652,6.2166152313800405,0.6757309822332371,96.42840980156706,0,1,0,10.0,0,0
902,600.0054891601002,6.398604067871369,0.79414336816723,97.43906031329367,0,1,0,10.7,0,0
903,500.0045743027202,6.216615231387935,0.6617960090138044,97.43833379251973,0,0,1,10.0,0,0
904,900.0082337282856,6.803514395999752,0.6187109595829069,135.20235887758625,0,1,0,12.7,0,0
905,6500.059465781117,8.779720437337087,0.19924897056535257,640.2735389379351,0,1,0,62.5,0,0
906,1300.0118931815355,7.170897620039926,0.23202464443606538,265.34538392801016,0,1,0,15.3,0,0
907,600.005489128461,6.3986040678187255,0.5572954385070198,116.31609128022257,0,0,1,10.7,0,0
908,2700.024701137398,7.901386498933101,0.5320210394423489,252.5366394810045,0,1,0,43.5,0,1
909,500.00457428294567,6.216615231348465,0.472589673648021,115.30544251457238,0,0,1,10.0,0,0
910,3800.034764548804,8.243028615106013,0.16086075700306937,544.8458694817416,0,0,1,49.0,0,0
911,600.0054891601002,6.398604067871369,0.5572110882105797,116.32489488187974,0,0,1,10.7,0,0
912,1200.0109783241555,7.09091896302418,0.6268790187327927,155.09781314328083,0,0,1,14.7,0,0
913,3700.0338497270186,8.21636747844728,0.28404023927808636,404.59251657265986,0,1,0,48.5,0,0
914,2100.0192119852077,7.650177845013191,0.41711970103317175,251.5279288225565,0,0,1,40.5,0,0
915,1700.0155525873263,7.4389807355564885,0.25708773316173344,288.2641945614866,0,0,1,18.0,0,0
916,800.0073188788153,6.685870084203663,0.5499274686291346,135.2070089934666,0,0,1,12.0,0,0
917,19700.18022710558,9.888433822936907,0.31773558685007214,882.687755340175,0,1,0,74.9,0,1
918,2200.0201269295953,7.696676225932446,0.38380878020904435,268.3865861474763,0,0,1,41.0,0,0
919,1000.0091486054404,6.908763918739431,0.6874083407622656,135.2071068500288,0,0,1,13.3,0,0
920,6300.05763606636,8.748472777030257,0.32183391621193147,495.9767156041156,0,0,1,61.5,0,0
921,700.0064040214354,6.552517022544124,0.4812527998731759,135.19770018873564,0,0,1,11.3,0,0
922,1300.0118931815355,7.170897620039926,0.35750788724458515,213.764597294963,0,0,1,15.3,0,0
923,700.0064040135254,6.55251702253284,0.3804285138461977,152.0615483243455,0,1,0,11.3,0,0
924,500.00457429481037,6.216615231372146,0.6617409977868861,97.44238378329669,0,0,1,10.0,0,0
925,2600.023786359116,7.863660410489156,0.5082590459353379,253.54265520486135,0,0,1,43.0,0,0
926,1400.0128080428703,7.244950688367218,0.4729751862024367,192.86426122075636,0,0,1,16.0,0,0
927,19200.175652838454,9.862726788059945,0.4159056415634857,761.6582090992056,0,1,0,74.6,0,1
928,2600.023786359116,7.863660410489156,0.3417964256958916,309.1788903631037,0,1,0,43.0,0,1
929,1300.0118931854902,7.1708976200429655,0.3609429617627364,212.74497254971095,0,0,1,15.3,0,0
930,189801.7364012413,12.153740582341925,0.14425733835033555,4066.1749937012523,0,1,0,99.0,0,1
